id,name,phone_number,email,city,country,device_count,android,iphone,desktop
0001,Jamie Bright,533-849-3913,Jamie.Bright@example.com,Montreal,Canada,1.0,Yes,No,No
0002,Arabella Knox,652-272-9539,Arabella.Knox@example.com,Los Angeles,USA,2.0,Yes,Yes,No
0003,Yusra Fletcher,385-702-8874,Yusra.Fletcher@example.com,Toronto,Canada,3.0,Yes,Yes,Yes
0004,Esme Nielsen,621-797-5367,Esme.Nielsen@example.com,Los Angeles,USA,2.0,Yes,Yes,No
0006,Dean Lewis,243-955-3782,Dean.Lewis@example.com,San Diego,USA,3.0,Yes,Yes,Yes
0007,Inaaya Velasquez,489-241-7631,Inaaya.Velasquez@example.com,Los Angeles,USA,3.0,Yes,Yes,Yes
0008,Tasnim Cobb,262-380-8877,Tasnim.Cobb@example.com,San Diego,USA,1.0,No,No,Yes
0009,Asa Vazquez,504-421-4485,Asa.Vazquez@example.com,Toronto,Canada,1.0,Yes,No,No
0010,Keith Donovan,549-515-6738,Keith.Donovan@example.com,Chicago,USA,2.0,No,Yes,Yes
0011,Moshe Colon,131-622-5442,Moshe.Colon@example.com,New York,USA,2.0,No,Yes,Yes
0012,Hussain Santos,379-352-6285,Hussain.Santos@example.com,San Diego,USA,2.0,No,Yes,Yes
0013,Lillian Hanna,488-762-8236,Lillian.Hanna@example.com,Los Angeles,USA,1.0,No,Yes,No
0014,Harvey Guerrero,597-677-6862,Harvey.Guerrero@example.com,Chicago,USA,1.0,No,Yes,No
0015,Leroy Barrera,659-190-9378,Leroy.Barrera@example.com,New York,USA,3.0,Yes,Yes,Yes
0016,Zack Griffin,467-370-7724,Zack.Griffin@example.com,San Diego,USA,1.0,No,No,Yes
0017,Adele Garza,429-916-1662,Adele.Garza@example.com,New York,USA,3.0,Yes,Yes,Yes
0018,Sandra Cherry,218-605-4170,Sandra.Cherry@example.com,San Francisco,USA,1.0,No,No,Yes
0019,Carmen Burton,527-368-7429,Carmen.Burton@example.com,Toronto,Canada,2.0,Yes,No,Yes
0020,Donald Stone,730-260-4630,Donald.Stone@example.com,London,United Kingdom,2.0,Yes,No,Yes
0021,Clifford Mcgee,715-116-6302,Clifford.Mcgee@example.com,San Francisco,USA,2.0,Yes,Yes,No
0022,Gerald Maldonado,660-116-3336,Gerald.Maldonado@example.com,San Francisco,USA,1.0,Yes,No,No
0023,Danielle Glenn,727-709-3351,Danielle.Glenn@example.com,San Francisco,USA,3.0,Yes,Yes,Yes
0025,Alina Mccoy,495-292-8149,Alina.Mccoy@example.com,San Francisco,USA,2.0,No,Yes,Yes
0027,Frazer Anthony,139-396-1336,Frazer.Anthony@example.com,New York,USA,2.0,No,Yes,Yes
0028,Cassie Molina,811-806-5304,Cassie.Molina@example.com,San Francisco,USA,2.0,Yes,No,Yes
0030,Stephanie Rice,830-901-9870,Stephanie.Rice@example.com,Montreal,Canada,1.0,Yes,No,No
0031,Bradley Butler,937-172-2269,Bradley.Butler@example.com,Montreal,Canada,1.0,No,Yes,No
0032,Alejandro Brandt,334-279-1420,Alejandro.Brandt@example.com,New York,USA,3.0,Yes,Yes,Yes
0034,Livia Howe,868-828-4315,Livia.Howe@example.com,Toronto,Canada,1.0,No,Yes,No
0035,Linda Combs,742-395-8995,Linda.Combs@example.com,Los Angeles,USA,3.0,Yes,Yes,Yes
0036,Dominik Odling,365-145-3897,Dominik.Odling@example.com,Los Angeles,USA,2.0,Yes,No,Yes
0037,Lili Schroeder,640-348-2128,Lili.Schroeder@example.com,Toronto,Canada,2.0,Yes,Yes,No
0038,Jeremiah Martin,277-350-5557,Jeremiah.Martin@example.com,London,United Kingdom,1.0,Yes,No,No
0040,Clara Bird,958-605-3200,Clara.Bird@example.com,San Francisco,USA,1.0,Yes,No,No
0041,Cody Riley,872-906-9681,Cody.Riley@example.com,London,United Kingdom,3.0,Yes,Yes,Yes
0042,Tomas Griffith,492-337-4468,Tomas.Griffith@example.com,London,United Kingdom,1.0,No,Yes,No
0043,Elena Pineda,617-226-9486,Elena.Pineda@example.com,Los Angeles,USA,3.0,Yes,Yes,Yes
0044,Diana Davenport,505-179-8348,Diana.Davenport@example.com,Los Angeles,USA,2.0,No,Yes,Yes
0045,Cordelia Houston,946-560-7738,Cordelia.Houston@example.com,San Francisco,USA,2.0,Yes,Yes,No
0046,Abubakar House,713-179-2294,Abubakar.House@example.com,San Diego,USA,1.0,No,No,Yes
0047,Celia Terry,986-149-3342,Celia.Terry@example.com,New York,USA,2.0,No,Yes,Yes
0048,Esther Mccall,573-696-6671,Esther.Mccall@example.com,Los Angeles,USA,2.0,Yes,No,Yes
0049,Idris Proctor,584-182-6496,Idris.Proctor@example.com,San Diego,USA,2.0,Yes,No,Yes
0050,Bruno Noble,639-790-8394,Bruno.Noble@example.com,San Diego,USA,1.0,No,Yes,No
0051,Herman Munoz,689-881-9382,Herman.Munoz@example.com,Los Angeles,USA,2.0,Yes,No,Yes
0052,Amaan Rangel,837-435-2302,Amaan.Rangel@example.com,Montreal,Canada,2.0,Yes,Yes,No
0053,Prince Thompson,115-215-7565,Prince.Thompson@example.com,Chicago,USA,1.0,No,No,Yes
0054,Bethany Santana,924-146-4189,Bethany.Santana@example.com,New York,USA,1.0,No,Yes,No
0055,Ernest Martinez,448-597-4211,Ernest.Martinez@example.com,San Diego,USA,2.0,Yes,No,Yes
0056,Susannah O'Doherty,981-489-3689,Susannah.O'Doherty@example.com,Chicago,USA,3.0,Yes,Yes,Yes
0057,Billie Price,917-866-8131,Billie.Price@example.com,London,United Kingdom,1.0,No,No,Yes
0058,Orlando Pitts,427-711-9658,Orlando.Pitts@example.com,Los Angeles,USA,1.0,No,Yes,No
0059,Phoebe Weiss,299-560-9666,Phoebe.Weiss@example.com,London,United Kingdom,2.0,Yes,No,Yes
0060,Juanita Baldwin,989-786-8538,Juanita.Baldwin@example.com,San Diego,USA,3.0,Yes,Yes,Yes
0061,Honor Jacobson,624-535-4606,Honor.Jacobson@example.com,San Francisco,USA,2.0,Yes,No,Yes
0062,Ty Mcintyre,743-856-9854,Ty.Mcintyre@example.com,San Francisco,USA,2.0,Yes,Yes,No
0063,Johnathan Berger,545-458-1679,Johnathan.Berger@example.com,San Diego,USA,2.0,No,Yes,Yes
0064,Jason Snyder,202-632-2346,Jason.Snyder@example.com,San Francisco,USA,1.0,Yes,No,No
0065,Aled Silva,612-360-5367,Aled.Silva@example.com,Toronto,Canada,1.0,No,Yes,No
0066,Aisha Webb,447-728-9592,Aisha.Webb@example.com,San Francisco,USA,2.0,Yes,No,Yes
0067,Dewi Keith,816-321-4054,Dewi.Keith@example.com,Chicago,USA,2.0,Yes,Yes,No
0069,Saoirse Keller,699-966-4749,Saoirse.Keller@example.com,San Francisco,USA,3.0,Yes,Yes,Yes
0070,Valerie Oneal,651-335-6190,Valerie.Oneal@example.com,Toronto,Canada,3.0,Yes,Yes,Yes
0071,Ilyas Dunlap,491-981-1293,Ilyas.Dunlap@example.com,London,United Kingdom,1.0,No,Yes,No
0072,Kingsley Moyer,927-708-1141,Kingsley.Moyer@example.com,San Francisco,USA,2.0,Yes,No,Yes
0074,Myrtle Doyle,525-796-7991,Myrtle.Doyle@example.com,Toronto,Canada,3.0,Yes,Yes,Yes
0075,Marjorie Shields,346-207-2724,Marjorie.Shields@example.com,San Diego,USA,2.0,No,Yes,Yes
0076,Taha Casey,581-100-2001,Taha.Casey@example.com,Los Angeles,USA,2.0,Yes,No,Yes
0077,Cleo Greer,138-806-4136,Cleo.Greer@example.com,Los Angeles,USA,2.0,Yes,Yes,No
0078,Angela Mcmillan,868-463-1850,Angela.Mcmillan@example.com,London,United Kingdom,1.0,Yes,No,No
0079,Vivian Peterson,598-995-3909,Vivian.Peterson@example.com,San Francisco,USA,1.0,Yes,No,No
0080,Cheryl Owens,812-775-9881,Cheryl.Owens@example.com,San Francisco,USA,2.0,Yes,Yes,No
0081,Ahmad Castro,629-807-5687,Ahmad.Castro@example.com,San Francisco,USA,1.0,Yes,No,No
0082,Casper Freeman,932-653-8020,Casper.Freeman@example.com,San Diego,USA,1.0,Yes,No,No
0083,Zachery Brennan,323-591-3874,Zachery.Brennan@example.com,San Francisco,USA,1.0,Yes,No,No
0084,Safia Ayers,512-649-7865,Safia.Ayers@example.com,San Francisco,USA,1.0,No,Yes,No
0085,Clarence Hanson,743-908-5464,Clarence.Hanson@example.com,Chicago,USA,2.0,Yes,Yes,No
0086,Douglas Browning,247-523-1403,Douglas.Browning@example.com,New York,USA,1.0,Yes,No,No
0087,Rahim Cuevas,300-879-5941,Rahim.Cuevas@example.com,Los Angeles,USA,1.0,No,Yes,No
0088,Humza Velez,931-502-4660,Humza.Velez@example.com,New York,USA,2.0,No,Yes,Yes
0089,Everett Fitzpatrick,520-305-7264,Everett.Fitzpatrick@example.com,New York,USA,1.0,No,Yes,No
0090,Anas Blevins,138-515-3364,Anas.Blevins@example.com,San Diego,USA,3.0,Yes,Yes,Yes
0091,Amir Clark,924-287-4068,Amir.Clark@example.com,London,United Kingdom,3.0,Yes,Yes,Yes
0092,Mohamed Barr,604-185-7149,Mohamed.Barr@example.com,San Francisco,USA,1.0,Yes,No,No
0093,Elif Khan,686-123-8571,Elif.Khan@example.com,New York,USA,2.0,Yes,No,Yes
0094,Mia Horne,667-185-1569,Mia.Horne@example.com,Los Angeles,USA,3.0,Yes,Yes,Yes
0095,Miles Fisher,702-511-6770,Miles.Fisher@example.com,San Diego,USA,3.0,Yes,Yes,Yes
0096,Nadia Neal,255-874-4270,Nadia.Neal@example.com,New York,USA,3.0,Yes,Yes,Yes
0097,Alastair Buckley,776-243-3725,Alastair.Buckley@example.com,San Diego,USA,1.0,Yes,No,No
0098,Traci Banks,313-374-6903,Traci.Banks@example.com,San Francisco,USA,2.0,Yes,Yes,No
0099,Colby Hart,900-712-6799,Colby.Hart@example.com,San Francisco,USA,2.0,Yes,No,Yes
0100,Usman Swanson,431-103-9132,Usman.Swanson@example.com,London,United Kingdom,3.0,Yes,Yes,Yes
0101,Michelle Love,672-651-8173,Michelle.Love@example.com,New York,USA,2.0,Yes,Yes,No
0102,Alina Walls,507-883-4629,Alina.Walls@example.com,Chicago,USA,1.0,Yes,No,No
0103,Caspar Hudson,830-584-4874,Caspar.Hudson@example.com,Toronto,Canada,1.0,No,Yes,No
0104,Chelsea Wyatt,750-801-9657,Chelsea.Wyatt@example.com,San Diego,USA,2.0,No,Yes,Yes
0105,Franklin Conway,768-545-4465,Franklin.Conway@example.com,San Diego,USA,2.0,Yes,No,Yes
0106,Ruth Andrews,159-468-6067,Ruth.Andrews@example.com,Chicago,USA,2.0,No,Yes,Yes
0107,Polly Reyes,296-740-3450,Polly.Reyes@example.com,San Diego,USA,1.0,No,Yes,No
0108,Mohsin Tucker,174-389-8757,Mohsin.Tucker@example.com,Toronto,Canada,1.0,No,No,Yes
0109,Huw Valentine,441-847-1955,Huw.Valentine@example.com,Chicago,USA,2.0,No,Yes,Yes
0110,Pearl Perez,947-926-6369,Pearl.Perez@example.com,San Francisco,USA,1.0,No,Yes,No
0111,Harriett Mccoy,956-438-3865,Harriett.Mccoy@example.com,San Francisco,USA,3.0,Yes,Yes,Yes
0112,Aiden Galvan,559-282-1575,Aiden.Galvan@example.com,San Diego,USA,1.0,No,No,Yes
0113,Kaan Miranda,940-569-5175,Kaan.Miranda@example.com,San Francisco,USA,1.0,Yes,No,No
0114,Laurie Melendez,488-382-1416,Laurie.Melendez@example.com,Toronto,Canada,2.0,No,Yes,Yes
0115,Tanya Watson,432-515-4933,Tanya.Watson@example.com,Montreal,Canada,2.0,Yes,Yes,No
0116,Gerard Vargas,663-149-3581,Gerard.Vargas@example.com,San Diego,USA,3.0,Yes,Yes,Yes
0118,Sean Bolton,222-241-5406,Sean.Bolton@example.com,Los Angeles,USA,2.0,Yes,Yes,No
0121,Jasper Brandt,527-756-7352,Jasper.Brandt@example.com,London,United Kingdom,1.0,No,No,Yes
0122,Teresa Mccarty,223-114-4003,Teresa.Mccarty@example.com,Toronto,Canada,2.0,No,Yes,Yes
0123,Finnian Fisher,382-879-9946,Finnian.Fisher@example.com,Toronto,Canada,2.0,Yes,Yes,No
0124,Carol York,402-586-5192,Carol.York@example.com,San Diego,USA,1.0,Yes,No,No
0126,Bessie Cole,424-390-3432,Bessie.Cole@example.com,San Diego,USA,1.0,No,Yes,No
0127,Zoya Giles,301-750-7631,Zoya.Giles@example.com,Toronto,Canada,2.0,Yes,Yes,No
0128,Malik Cuevas,935-337-2537,Malik.Cuevas@example.com,San Diego,USA,1.0,Yes,No,No
0129,Alejandro Duncan,487-150-9471,Alejandro.Duncan@example.com,London,United Kingdom,1.0,No,No,Yes
0130,Zohaib Hartman,928-400-6426,Zohaib.Hartman@example.com,Montreal,Canada,1.0,No,No,Yes
0131,Alivia Armstrong,398-367-7522,Alivia.Armstrong@example.com,Chicago,USA,1.0,No,Yes,No
0132,Tina Powell,372-218-6551,Tina.Powell@example.com,New York,USA,2.0,Yes,No,Yes
0133,Zack Mcclain,586-280-9496,Zack.Mcclain@example.com,New York,USA,1.0,No,Yes,No
0134,Lydia Chan,649-585-3076,Lydia.Chan@example.com,San Francisco,USA,2.0,No,Yes,Yes
0135,Bertie Ward,971-922-8663,Bertie.Ward@example.com,Montreal,Canada,2.0,Yes,No,Yes
0136,Hafsah Booker,731-730-2543,Hafsah.Booker@example.com,New York,USA,2.0,No,Yes,Yes
0137,India Simmons,605-920-3435,India.Simmons@example.com,San Diego,USA,2.0,Yes,Yes,No
0138,Adnan Allen,561-365-7378,Adnan.Allen@example.com,Chicago,USA,2.0,Yes,No,Yes
0139,Kamran Wilcox,476-365-7838,Kamran.Wilcox@example.com,London,United Kingdom,2.0,Yes,No,Yes
0140,Gary Hutchinson,245-506-5389,Gary.Hutchinson@example.com,San Francisco,USA,1.0,Yes,No,No
0141,Adriana Stafford,473-741-6496,Adriana.Stafford@example.com,Montreal,Canada,1.0,No,Yes,No
0143,Ian Ho,586-175-1970,Ian.Ho@example.com,San Francisco,USA,1.0,Yes,No,No
0144,Emelia Page,929-575-4315,Emelia.Page@example.com,San Francisco,USA,2.0,No,Yes,Yes
0145,Elijah Castaneda,354-709-5741,Elijah.Castaneda@example.com,Chicago,USA,1.0,No,No,Yes
0146,Edith Walker,805-146-4773,Edith.Walker@example.com,Los Angeles,USA,1.0,No,Yes,No
0147,Eleanor Mcintosh,153-538-3431,Eleanor.Mcintosh@example.com,Toronto,Canada,1.0,Yes,No,No
0148,Maksymilian Crosby,298-837-9139,Maksymilian.Crosby@example.com,New York,USA,1.0,Yes,No,No
0149,Abdirahman Mullen,669-442-8257,Abdirahman.Mullen@example.com,Toronto,Canada,3.0,Yes,Yes,Yes
0150,Mariah Castro,866-155-1011,Mariah.Castro@example.com,New York,USA,2.0,Yes,Yes,No
0151,Laiba Ingram,780-200-2871,Laiba.Ingram@example.com,San Diego,USA,2.0,No,Yes,Yes
0152,Matteo Moon,830-546-5378,Matteo.Moon@example.com,London,United Kingdom,2.0,Yes,Yes,No
0153,Blaine Boyer,411-997-1636,Blaine.Boyer@example.com,London,United Kingdom,1.0,No,No,Yes
0154,Thomas English,891-190-2889,Thomas.English@example.com,New York,USA,1.0,No,No,Yes
0155,Lochlan Fitzgerald,762-973-4444,Lochlan.Fitzgerald@example.com,San Francisco,USA,1.0,No,No,Yes
0156,Alia Brooks,327-292-8469,Alia.Brooks@example.com,Montreal,Canada,2.0,Yes,No,Yes
0157,Aimee Duffy,856-144-7655,Aimee.Duffy@example.com,San Diego,USA,2.0,Yes,Yes,No
0158,Ethan Price,558-134-7531,Ethan.Price@example.com,Los Angeles,USA,3.0,Yes,Yes,Yes
0159,Will Santana,460-231-8743,Will.Santana@example.com,Los Angeles,USA,2.0,Yes,No,Yes
0160,Alessia Watts,619-580-5165,Alessia.Watts@example.com,New York,USA,1.0,Yes,No,No
0161,Eliza Gordon,805-946-7433,Eliza.Gordon@example.com,Los Angeles,USA,1.0,Yes,No,No
0162,Martina Boyle,145-824-4775,Martina.Boyle@example.com,Los Angeles,USA,1.0,No,No,Yes
0163,Talha Austin,279-345-3532,Talha.Austin@example.com,New York,USA,2.0,No,Yes,Yes
0164,Herman Knowles,130-936-8674,Herman.Knowles@example.com,Los Angeles,USA,2.0,No,Yes,Yes
0165,Amira Berg,627-954-8991,Amira.Berg@example.com,Chicago,USA,2.0,Yes,Yes,No
0166,Darcie Lane,899-901-3539,Darcie.Lane@example.com,Los Angeles,USA,1.0,Yes,No,No
0167,Kurtis Marks,690-396-3965,Kurtis.Marks@example.com,Montreal,Canada,1.0,No,No,Yes
0168,Josie Pham,202-569-8234,Josie.Pham@example.com,San Diego,USA,3.0,Yes,Yes,Yes
0169,Katy Harrington,645-829-7495,Katy.Harrington@example.com,San Francisco,USA,1.0,No,Yes,No
0170,Macie Payne,782-737-6408,Macie.Payne@example.com,New York,USA,1.0,Yes,No,No
0171,Patrick Morse,220-102-3684,Patrick.Morse@example.com,New York,USA,2.0,Yes,Yes,No
0172,Nathaniel Gonzalez,421-145-6627,Nathaniel.Gonzalez@example.com,Chicago,USA,1.0,No,No,Yes
0174,Kiera Cotton,254-627-7406,Kiera.Cotton@example.com,Los Angeles,USA,1.0,Yes,No,No
0175,Tia Potter,137-491-6519,Tia.Potter@example.com,New York,USA,2.0,Yes,Yes,No
0176,Melvin Flores,708-692-8746,Melvin.Flores@example.com,London,United Kingdom,2.0,No,Yes,Yes
0177,Hassan Kemp,131-471-2639,Hassan.Kemp@example.com,San Diego,USA,1.0,No,No,Yes
0178,Jenson Carver,128-789-4202,Jenson.Carver@example.com,Chicago,USA,2.0,No,Yes,Yes
0179,Aminah Wells,950-639-9777,Aminah.Wells@example.com,Chicago,USA,3.0,Yes,Yes,Yes
0180,Dhruv Villarreal,931-559-3083,Dhruv.Villarreal@example.com,London,United Kingdom,2.0,Yes,No,Yes
0181,Rhodri Kelley,106-651-2649,Rhodri.Kelley@example.com,Los Angeles,USA,1.0,No,Yes,No
0182,Luqman Carrillo,124-533-2523,Luqman.Carrillo@example.com,New York,USA,1.0,Yes,No,No
0183,Ishaan Stevenson,631-367-5233,Ishaan.Stevenson@example.com,San Francisco,USA,1.0,No,No,Yes
0184,David Bridges,946-447-2454,David.Bridges@example.com,New York,USA,1.0,No,Yes,No
0185,Milton Carlson,344-559-6014,Milton.Carlson@example.com,Los Angeles,USA,1.0,No,No,Yes
0186,Gareth Sutherland,471-744-7605,Gareth.Sutherland@example.com,San Diego,USA,1.0,Yes,No,No
0187,Andre Long,883-691-2967,Andre.Long@example.com,San Francisco,USA,2.0,No,Yes,Yes
0188,Ridwan Houston,530-308-5425,Ridwan.Houston@example.com,London,United Kingdom,1.0,No,No,Yes
0189,Darcey Whitney,483-860-2350,Darcey.Whitney@example.com,San Francisco,USA,3.0,Yes,Yes,Yes
0190,Charlotte Baxter,757-193-7348,Charlotte.Baxter@example.com,San Francisco,USA,2.0,Yes,No,Yes
0191,Damon Bullock,130-864-9453,Damon.Bullock@example.com,Chicago,USA,2.0,Yes,No,Yes
0192,Leonie Sanders,248-366-9279,Leonie.Sanders@example.com,Chicago,USA,2.0,Yes,Yes,No
0193,Susie Gibbons,194-777-4804,Susie.Gibbons@example.com,Los Angeles,USA,3.0,Yes,Yes,Yes
0194,Fynn Graham,763-842-3292,Fynn.Graham@example.com,Toronto,Canada,2.0,Yes,Yes,No
0195,Jorge Maldonado,220-296-3772,Jorge.Maldonado@example.com,San Diego,USA,2.0,Yes,No,Yes
0196,Alanna Stephens,710-282-8586,Alanna.Stephens@example.com,Chicago,USA,1.0,No,Yes,No
0197,Tiago Dunn,728-796-4352,Tiago.Dunn@example.com,San Diego,USA,2.0,Yes,Yes,No
0198,Zakir Russell,599-588-9264,Zakir.Russell@example.com,Toronto,Canada,2.0,No,Yes,Yes
0199,Asa Haines,327-464-5734,Asa.Haines@example.com,London,United Kingdom,2.0,Yes,Yes,No
0200,Eesa Buchanan,533-397-5445,Eesa.Buchanan@example.com,London,United Kingdom,2.0,Yes,Yes,No
0201,Conor Rush,663-671-4088,Conor.Rush@example.com,New York,USA,1.0,No,Yes,No
0202,Kabir Stewart,891-887-3513,Kabir.Stewart@example.com,San Francisco,USA,2.0,Yes,No,Yes
0203,Lili Patel,823-509-3052,Lili.Patel@example.com,Montreal,Canada,2.0,Yes,No,Yes
0204,Philippa Webster,407-892-7705,Philippa.Webster@example.com,Toronto,Canada,1.0,Yes,No,No
0205,Zoe Newman,620-765-4496,Zoe.Newman@example.com,San Francisco,USA,2.0,No,Yes,Yes
0206,Azaan Roth,130-119-2032,Azaan.Roth@example.com,Los Angeles,USA,2.0,Yes,Yes,No
0207,Mark Friedman,111-862-3502,Mark.Friedman@example.com,San Diego,USA,2.0,Yes,No,Yes
0208,Jessie Greer,950-317-1709,Jessie.Greer@example.com,London,United Kingdom,3.0,Yes,Yes,Yes
0209,Eliot Stokes,864-975-1957,Eliot.Stokes@example.com,Los Angeles,USA,1.0,No,Yes,No
0210,Alessia Jenkins,547-388-2503,Alessia.Jenkins@example.com,Chicago,USA,1.0,No,Yes,No
0211,Gerard Francis,958-724-3846,Gerard.Francis@example.com,Chicago,USA,3.0,Yes,Yes,Yes
0212,Angela Lynch,227-737-8739,Angela.Lynch@example.com,San Francisco,USA,2.0,Yes,Yes,No
0213,Kyran Wyatt,778-841-9881,Kyran.Wyatt@example.com,Montreal,Canada,2.0,Yes,Yes,No
0214,Eugene Taylor,712-926-3402,Eugene.Taylor@example.com,Toronto,Canada,1.0,No,Yes,No
0215,Katerina Turner,753-511-5460,Katerina.Turner@example.com,San Francisco,USA,2.0,No,Yes,Yes
0216,Nataniel Nunez,202-158-5194,Nataniel.Nunez@example.com,New York,USA,1.0,No,No,Yes
0217,Phoebe Rodriguez,516-779-4464,Phoebe.Rodriguez@example.com,New York,USA,2.0,Yes,No,Yes
0219,Sinead Horne,340-355-9098,Sinead.Horne@example.com,Toronto,Canada,2.0,Yes,No,Yes
0220,Sahar Kim,718-676-2743,Sahar.Kim@example.com,San Francisco,USA,2.0,Yes,Yes,No
0221,Emmie Schmidt,130-236-9253,Emmie.Schmidt@example.com,San Francisco,USA,1.0,Yes,No,No
0223,Rupert Mejia,194-235-2353,Rupert.Mejia@example.com,San Francisco,USA,2.0,Yes,No,Yes
0224,Lily-Rose Kaufman,271-963-2123,Lily-Rose.Kaufman@example.com,Chicago,USA,1.0,Yes,No,No
0225,Neil Haynes,421-219-5363,Neil.Haynes@example.com,San Diego,USA,3.0,Yes,Yes,Yes
0226,Morgan Hardy,974-761-7628,Morgan.Hardy@example.com,London,United Kingdom,2.0,No,Yes,Yes
0227,Ibraheem Mcgee,667-192-9013,Ibraheem.Mcgee@example.com,San Diego,USA,1.0,No,Yes,No
0229,Kate Cline,927-741-2027,Kate.Cline@example.com,Toronto,Canada,2.0,Yes,No,Yes
0230,Hana Barr,541-180-4090,Hana.Barr@example.com,San Francisco,USA,2.0,Yes,No,Yes
0231,Darcy Wall,109-398-3560,Darcy.Wall@example.com,Montreal,Canada,1.0,No,No,Yes
0232,Aisha Winters,280-831-1664,Aisha.Winters@example.com,Toronto,Canada,1.0,No,No,Yes
0233,Zayd Yoder,259-388-7717,Zayd.Yoder@example.com,New York,USA,2.0,Yes,No,Yes
0234,Esmee Harmon,271-604-3446,Esmee.Harmon@example.com,New York,USA,2.0,Yes,No,Yes
0235,Tamara Riddle,481-405-7265,Tamara.Riddle@example.com,Los Angeles,USA,3.0,Yes,Yes,Yes
0236,Gloria Mason,495-379-8123,Gloria.Mason@example.com,Los Angeles,USA,1.0,No,Yes,No
0237,Carter Coleman,530-826-1153,Carter.Coleman@example.com,San Francisco,USA,2.0,No,Yes,Yes
0238,Ashleigh Trevino,621-710-6972,Ashleigh.Trevino@example.com,San Francisco,USA,1.0,Yes,No,No
0239,Edward Ayala,416-337-3343,Edward.Ayala@example.com,Montreal,Canada,2.0,Yes,No,Yes
0240,Amira Lane,321-569-4426,Amira.Lane@example.com,San Francisco,USA,1.0,No,No,Yes
0241,Chris Zimmerman,371-875-4229,Chris.Zimmerman@example.com,San Diego,USA,1.0,No,No,Yes
0242,Hazel Joseph,272-647-4049,Hazel.Joseph@example.com,New York,USA,1.0,No,No,Yes
0243,Brogan Fitzgerald,955-732-8107,Brogan.Fitzgerald@example.com,Montreal,Canada,2.0,Yes,Yes,No
0244,Taylor Ramos,833-282-1248,Taylor.Ramos@example.com,Toronto,Canada,2.0,Yes,No,Yes
0245,Elsie Cuevas,186-536-6820,Elsie.Cuevas@example.com,Montreal,Canada,1.0,No,Yes,No
0246,Zara Washington,679-367-1926,Zara.Washington@example.com,London,United Kingdom,2.0,No,Yes,Yes
0247,Douglas Lozano,916-136-3366,Douglas.Lozano@example.com,New York,USA,1.0,No,Yes,No
0248,Bethan Franco,317-895-5803,Bethan.Franco@example.com,Toronto,Canada,1.0,Yes,No,No
0249,Clementine Whitaker,193-348-3198,Clementine.Whitaker@example.com,Los Angeles,USA,1.0,No,No,Yes
0250,Sarah Mooney,507-446-1333,Sarah.Mooney@example.com,Chicago,USA,3.0,Yes,Yes,Yes
0251,Grayson Rasmussen,312-891-9587,Grayson.Rasmussen@example.com,New York,USA,1.0,Yes,No,No
0252,Jemima Leonard,149-310-5366,Jemima.Leonard@example.com,Chicago,USA,1.0,No,No,Yes
0253,Oskar Mccarty,582-269-7396,Oskar.Mccarty@example.com,London,United Kingdom,2.0,No,Yes,Yes
0254,Bonnie Woods,104-443-5734,Bonnie.Woods@example.com,San Francisco,USA,3.0,Yes,Yes,Yes
0255,Miriam Pacheco,401-464-5796,Miriam.Pacheco@example.com,San Diego,USA,2.0,Yes,No,Yes
0256,Zahraa Villanueva,130-183-4153,Zahraa.Villanueva@example.com,San Francisco,USA,1.0,No,No,Yes
0257,Alia Hess,735-371-7432,Alia.Hess@example.com,San Diego,USA,1.0,No,No,Yes
0258,Felicity Tran,530-539-9474,Felicity.Tran@example.com,San Diego,USA,2.0,Yes,Yes,No
0259,Lily Chan,390-911-6534,Lily.Chan@example.com,San Francisco,USA,2.0,Yes,Yes,No
0260,Darcey Robles,790-759-5249,Darcey.Robles@example.com,London,United Kingdom,1.0,No,Yes,No
0262,Everly Cortez,954-995-1806,Everly.Cortez@example.com,Toronto,Canada,1.0,Yes,No,No
0263,Tommy Farmer,999-431-4584,Tommy.Farmer@example.com,Toronto,Canada,1.0,Yes,No,No
0264,Maximillian Atkins,421-834-8740,Maximillian.Atkins@example.com,Toronto,Canada,2.0,Yes,Yes,No
0265,Eddie Archer,130-279-8355,Eddie.Archer@example.com,San Francisco,USA,2.0,No,Yes,Yes
0266,Gregory Strong,952-404-1885,Gregory.Strong@example.com,New York,USA,2.0,No,Yes,Yes
0267,Jake Spencer,445-216-5918,Jake.Spencer@example.com,San Diego,USA,3.0,Yes,Yes,Yes
0268,Johnny Ford,760-126-9651,Johnny.Ford@example.com,San Francisco,USA,3.0,Yes,Yes,Yes
0269,Yusuf Salazar,311-351-7403,Yusuf.Salazar@example.com,Toronto,Canada,1.0,Yes,No,No
0270,Nelson Huff,169-619-4582,Nelson.Huff@example.com,New York,USA,3.0,Yes,Yes,Yes
0272,Findlay Velasquez,675-319-8856,Findlay.Velasquez@example.com,Los Angeles,USA,3.0,Yes,Yes,Yes
0273,Georgiana Horton,290-200-9393,Georgiana.Horton@example.com,Los Angeles,USA,2.0,Yes,No,Yes
0274,Bronte Riley,786-291-8203,Bronte.Riley@example.com,Toronto,Canada,1.0,No,Yes,No
0275,Harriett Villegas,329-505-8826,Harriett.Villegas@example.com,Los Angeles,USA,2.0,Yes,No,Yes
0276,Bertha Carter,708-356-2109,Bertha.Carter@example.com,Chicago,USA,2.0,Yes,No,Yes
0277,Fay Lucas,436-818-1915,Fay.Lucas@example.com,Montreal,Canada,2.0,Yes,Yes,No
0278,Rachael Sykes,623-319-1782,Rachael.Sykes@example.com,San Diego,USA,2.0,No,Yes,Yes
0279,Annabelle Atkinson,494-263-3527,Annabelle.Atkinson@example.com,San Francisco,USA,1.0,Yes,No,No
0280,Zac Wagner,131-396-9743,Zac.Wagner@example.com,San Francisco,USA,3.0,Yes,Yes,Yes
0282,Elysia Mata,111-388-1063,Elysia.Mata@example.com,New York,USA,2.0,No,Yes,Yes
0283,Autumn Hensley,107-156-5064,Autumn.Hensley@example.com,New York,USA,2.0,Yes,Yes,No
0284,Maximilian Whitney,804-245-1465,Maximilian.Whitney@example.com,San Francisco,USA,2.0,Yes,No,Yes
0285,Lorna Levy,809-114-1988,Lorna.Levy@example.com,Toronto,Canada,1.0,No,Yes,No
0286,Cordelia Marquez,636-910-2488,Cordelia.Marquez@example.com,Los Angeles,USA,2.0,No,Yes,Yes
0287,Jan Daniels,305-449-8274,Jan.Daniels@example.com,Montreal,Canada,2.0,Yes,No,Yes
0288,Donald Dale,995-494-7868,Donald.Dale@example.com,San Francisco,USA,1.0,No,No,Yes
0289,Adele Cantrell,264-319-7312,Adele.Cantrell@example.com,New York,USA,2.0,Yes,No,Yes
0290,Brenda Ingram,919-358-6885,Brenda.Ingram@example.com,Montreal,Canada,3.0,Yes,Yes,Yes
0291,Brooklyn Gamble,187-138-7951,Brooklyn.Gamble@example.com,Chicago,USA,2.0,No,Yes,Yes
0292,Anya Bray,396-900-5179,Anya.Bray@example.com,Toronto,Canada,1.0,No,Yes,No
0293,Oliwia Dominguez,161-309-1110,Oliwia.Dominguez@example.com,San Diego,USA,2.0,No,Yes,Yes
0294,Faizan Hill,572-649-5353,Faizan.Hill@example.com,San Francisco,USA,1.0,Yes,No,No
0295,Maisy Clark,966-801-8945,Maisy.Clark@example.com,San Diego,USA,2.0,Yes,Yes,No
0296,Steven Reid,490-977-4025,Steven.Reid@example.com,San Francisco,USA,2.0,Yes,No,Yes
0297,Ayesha O'Reilly,273-616-5739,Ayesha.O'Reilly@example.com,San Diego,USA,1.0,No,Yes,No
0298,Chanel Lang,284-895-4854,Chanel.Lang@example.com,San Francisco,USA,2.0,No,Yes,Yes
0299,Aadam Browning,702-276-7562,Aadam.Browning@example.com,San Francisco,USA,3.0,Yes,Yes,Yes
0300,Danny Knapp,665-657-4948,Danny.Knapp@example.com,Los Angeles,USA,3.0,Yes,Yes,Yes
0301,Huda Rogers,714-169-1009,Huda.Rogers@example.com,New York,USA,1.0,No,No,Yes
0302,Ellena Ramsey,639-267-5334,Ellena.Ramsey@example.com,San Diego,USA,1.0,No,No,Yes
0303,Nikita Marquez,492-815-1793,Nikita.Marquez@example.com,Montreal,Canada,1.0,Yes,No,No
0304,Siena Stanton,247-260-7851,Siena.Stanton@example.com,Chicago,USA,3.0,Yes,Yes,Yes
0305,Doris Griffith,839-124-9420,Doris.Griffith@example.com,San Francisco,USA,2.0,No,Yes,Yes
0306,Libbie Swanson,176-108-4411,Libbie.Swanson@example.com,Chicago,USA,1.0,No,Yes,No
0307,Rebekah Shaw,531-380-1711,Rebekah.Shaw@example.com,Chicago,USA,2.0,Yes,No,Yes
0308,Noah Benton,936-522-1085,Noah.Benton@example.com,Los Angeles,USA,2.0,No,Yes,Yes
0309,Barnaby Payne,140-296-7511,Barnaby.Payne@example.com,London,United Kingdom,1.0,Yes,No,No
0310,Aya Hoover,640-104-6782,Aya.Hoover@example.com,Chicago,USA,3.0,Yes,Yes,Yes
0311,Mariam Campos,102-916-1394,Mariam.Campos@example.com,San Diego,USA,1.0,No,Yes,No
0312,Marissa Rubio,400-815-9011,Marissa.Rubio@example.com,Chicago,USA,2.0,No,Yes,Yes
0313,Alice Nielsen,988-763-8894,Alice.Nielsen@example.com,Chicago,USA,1.0,No,No,Yes
0314,Neve Hendrix,965-871-6717,Neve.Hendrix@example.com,Chicago,USA,2.0,No,Yes,Yes
0315,Kiara Sosa,982-969-2499,Kiara.Sosa@example.com,Los Angeles,USA,1.0,Yes,No,No
0316,Mathilda Abbott,893-420-4063,Mathilda.Abbott@example.com,New York,USA,1.0,No,No,Yes
0317,Bessie Cuevas,629-379-6872,Bessie.Cuevas@example.com,Toronto,Canada,2.0,Yes,Yes,No
0318,Mario Luna,547-624-3479,Mario.Luna@example.com,Toronto,Canada,3.0,Yes,Yes,Yes
0319,Tess Short,990-918-2059,Tess.Short@example.com,Los Angeles,USA,2.0,Yes,No,Yes
0320,Liberty Stephenson,613-740-5020,Liberty.Stephenson@example.com,San Francisco,USA,1.0,Yes,No,No
0321,Leena Castillo,648-845-8799,Leena.Castillo@example.com,San Francisco,USA,1.0,No,No,Yes
0322,Melissa Harding,614-765-9511,Melissa.Harding@example.com,San Francisco,USA,1.0,Yes,No,No
0323,Seren Rocha,880-236-4632,Seren.Rocha@example.com,Toronto,Canada,1.0,No,Yes,No
0324,Thea Hamilton,868-547-6826,Thea.Hamilton@example.com,Montreal,Canada,3.0,Yes,Yes,Yes
0325,Matilda Griffin,176-758-4552,Matilda.Griffin@example.com,Toronto,Canada,2.0,Yes,Yes,No
0326,Archibald Melendez,553-482-8315,Archibald.Melendez@example.com,Chicago,USA,2.0,Yes,Yes,No
0327,Oliver Sanford,628-646-1375,Oliver.Sanford@example.com,Toronto,Canada,2.0,Yes,Yes,No
0328,Otis Pittman,563-494-9026,Otis.Pittman@example.com,San Diego,USA,3.0,Yes,Yes,Yes
0329,Rory Bartlett,429-411-4734,Rory.Bartlett@example.com,San Diego,USA,2.0,Yes,Yes,No
0331,Lia Hudson,671-560-5008,Lia.Hudson@example.com,San Francisco,USA,2.0,Yes,Yes,No
0332,Gertrude Huffman,148-739-3707,Gertrude.Huffman@example.com,San Diego,USA,1.0,No,Yes,No
0333,Tamzin Hernandez,657-945-1077,Tamzin.Hernandez@example.com,Chicago,USA,2.0,Yes,No,Yes
0334,Elisabeth Tran,363-441-2226,Elisabeth.Tran@example.com,London,United Kingdom,2.0,Yes,No,Yes
0335,Aaminah Daniel,877-314-7868,Aaminah.Daniel@example.com,New York,USA,3.0,Yes,Yes,Yes
0336,Katrina Foster,497-544-5065,Katrina.Foster@example.com,London,United Kingdom,2.0,Yes,Yes,No
0337,Xavier Mcguire,329-569-7858,Xavier.Mcguire@example.com,San Francisco,USA,1.0,No,No,Yes
0339,Sahil Lyons,494-702-9881,Sahil.Lyons@example.com,Montreal,Canada,2.0,Yes,No,Yes
0340,Lilly-Rose Richards,264-213-8415,Lilly-Rose.Richards@example.com,New York,USA,3.0,Yes,Yes,Yes
0341,Alexandros Green,725-427-2794,Alexandros.Green@example.com,San Diego,USA,1.0,No,Yes,No
0342,Alfred Stuart,713-145-1454,Alfred.Stuart@example.com,Los Angeles,USA,1.0,No,No,Yes
0343,Taha Carroll,368-154-2650,Taha.Carroll@example.com,Chicago,USA,2.0,Yes,Yes,No
0345,Hannah Zuniga,515-268-3667,Hannah.Zuniga@example.com,Chicago,USA,3.0,Yes,Yes,Yes
0346,Caiden Kaufman,805-349-3127,Caiden.Kaufman@example.com,Montreal,Canada,1.0,No,No,Yes
0347,Jemma Greer,220-752-3577,Jemma.Greer@example.com,San Francisco,USA,1.0,No,No,Yes
0348,Alistair Moore,358-489-3754,Alistair.Moore@example.com,Los Angeles,USA,2.0,No,Yes,Yes
0349,Rachael Shields,557-384-9605,Rachael.Shields@example.com,New York,USA,3.0,Yes,Yes,Yes
0350,Jed Myers,920-927-4758,Jed.Myers@example.com,San Francisco,USA,1.0,No,No,Yes
0351,Keaton Ortiz,676-716-9033,Keaton.Ortiz@example.com,San Diego,USA,2.0,No,Yes,Yes
0352,Maliha Hood,296-552-6256,Maliha.Hood@example.com,San Diego,USA,1.0,No,No,Yes
0353,Jennie Monroe,613-385-2077,Jennie.Monroe@example.com,Montreal,Canada,1.0,No,No,Yes
0354,Sharon Rojas,901-513-9962,Sharon.Rojas@example.com,New York,USA,1.0,No,Yes,No
0355,Dawid Lozano,410-788-9917,Dawid.Lozano@example.com,Toronto,Canada,1.0,No,Yes,No
0356,Romeo Martin,834-460-4855,Romeo.Martin@example.com,Toronto,Canada,2.0,No,Yes,Yes
0357,Nikhil Peck,395-769-3300,Nikhil.Peck@example.com,Chicago,USA,2.0,No,Yes,Yes
0359,Jayden Meyers,233-480-8798,Jayden.Meyers@example.com,San Diego,USA,1.0,Yes,No,No
0361,Joel Baldwin,161-534-8719,Joel.Baldwin@example.com,San Diego,USA,1.0,No,No,Yes
0362,Fletcher Moreno,228-202-6360,Fletcher.Moreno@example.com,San Francisco,USA,1.0,Yes,No,No
0363,Layton Suarez,909-218-5658,Layton.Suarez@example.com,San Francisco,USA,1.0,Yes,No,No
0364,Markus Weaver,806-124-5977,Markus.Weaver@example.com,Los Angeles,USA,2.0,Yes,No,Yes
0365,Martina Moran,641-323-9929,Martina.Moran@example.com,Toronto,Canada,1.0,No,No,Yes
0366,Maxwell Lee,221-138-8090,Maxwell.Lee@example.com,San Francisco,USA,1.0,No,Yes,No
0367,Eryn Bowers,767-372-8468,Eryn.Bowers@example.com,Chicago,USA,3.0,Yes,Yes,Yes
0368,Marie Hughes,918-588-9531,Marie.Hughes@example.com,New York,USA,3.0,Yes,Yes,Yes
0369,Reggie Strong,459-645-8476,Reggie.Strong@example.com,Toronto,Canada,3.0,Yes,Yes,Yes
0370,Darcey Powell,558-608-9550,Darcey.Powell@example.com,San Diego,USA,2.0,Yes,Yes,No
0371,Ismaeel Roach,334-436-6254,Ismaeel.Roach@example.com,Los Angeles,USA,2.0,No,Yes,Yes
0372,Holly Gillespie,537-653-7820,Holly.Gillespie@example.com,New York,USA,2.0,No,Yes,Yes
0373,Robbie Paul,852-236-4050,Robbie.Paul@example.com,Los Angeles,USA,2.0,Yes,No,Yes
0374,Sara Harris,549-750-2047,Sara.Harris@example.com,San Francisco,USA,2.0,Yes,Yes,No
0375,Brandon Rangel,417-706-8052,Brandon.Rangel@example.com,New York,USA,2.0,Yes,Yes,No
0376,Saskia Glover,883-302-1765,Saskia.Glover@example.com,Los Angeles,USA,2.0,No,Yes,Yes
0377,Phyllis Gill,821-675-4190,Phyllis.Gill@example.com,Los Angeles,USA,1.0,No,Yes,No
0378,Junior Mcgowan,820-164-6757,Junior.Mcgowan@example.com,San Francisco,USA,1.0,Yes,No,No
0380,James Warner,839-312-5829,James.Warner@example.com,Toronto,Canada,1.0,No,Yes,No
0381,Elsa Hebert,389-739-1832,Elsa.Hebert@example.com,Los Angeles,USA,1.0,No,Yes,No
0382,Zachery Snow,354-295-2894,Zachery.Snow@example.com,Toronto,Canada,1.0,No,Yes,No
0383,Owen Michael,178-910-8863,Owen.Michael@example.com,Toronto,Canada,1.0,No,Yes,No
0384,Fraser Hooper,228-636-9031,Fraser.Hooper@example.com,New York,USA,1.0,No,Yes,No
0385,Olivia Slater,618-239-1471,Olivia.Slater@example.com,Los Angeles,USA,3.0,Yes,Yes,Yes
0386,Gregory Mcgrath,284-161-5702,Gregory.Mcgrath@example.com,San Francisco,USA,1.0,No,No,Yes
0387,Jesse Perry,711-621-8470,Jesse.Perry@example.com,New York,USA,2.0,No,Yes,Yes
0388,Yousef Andrews,532-910-6535,Yousef.Andrews@example.com,Los Angeles,USA,2.0,Yes,Yes,No
0389,Levi Hoffman,442-352-9243,Levi.Hoffman@example.com,London,United Kingdom,2.0,Yes,Yes,No
0390,Camilla Wells,149-482-9546,Camilla.Wells@example.com,London,United Kingdom,2.0,Yes,No,Yes
0391,Laiba Knapp,311-460-4985,Laiba.Knapp@example.com,New York,USA,1.0,No,Yes,No
0392,Kyle Joseph,499-600-6164,Kyle.Joseph@example.com,Toronto,Canada,2.0,Yes,No,Yes
0394,Guy Osborn,990-686-6129,Guy.Osborn@example.com,San Francisco,USA,1.0,No,No,Yes
0395,Maxim Romero,398-796-6242,Maxim.Romero@example.com,San Diego,USA,1.0,No,No,Yes
0396,Penny Hanson,853-297-6593,Penny.Hanson@example.com,Toronto,Canada,1.0,No,No,Yes
0397,Zaynab Salas,696-692-1941,Zaynab.Salas@example.com,San Diego,USA,1.0,No,Yes,No
0398,Myrtle Lewis,727-289-2785,Myrtle.Lewis@example.com,London,United Kingdom,3.0,Yes,Yes,Yes
0399,Nathan Pearce,161-192-5834,Nathan.Pearce@example.com,Los Angeles,USA,3.0,Yes,Yes,Yes
0400,Joanna Durham,302-863-6548,Joanna.Durham@example.com,Los Angeles,USA,1.0,No,Yes,No
0401,Gloria Quinn,225-175-9968,Gloria.Quinn@example.com,San Diego,USA,2.0,Yes,No,Yes
0402,Safaa Lopez,863-714-5286,Safaa.Lopez@example.com,Chicago,USA,1.0,Yes,No,No
0404,Verity Oneal,736-555-3571,Verity.Oneal@example.com,San Francisco,USA,2.0,Yes,No,Yes
0405,Cecily Blaese,234-446-2115,Cecily.Blaese@example.com,Toronto,Canada,2.0,No,Yes,Yes
0406,Gideon Perez,135-944-5781,Gideon.Perez@example.com,Toronto,Canada,3.0,Yes,Yes,Yes
0407,Trinity Mora,406-645-2610,Trinity.Mora@example.com,Toronto,Canada,1.0,Yes,No,No
0408,Adnan Moore,132-644-9432,Adnan.Moore@example.com,San Francisco,USA,1.0,No,Yes,No
0409,Aleksander Durham,582-306-5689,Aleksander.Durham@example.com,New York,USA,3.0,Yes,Yes,Yes
0410,Findlay O'Quinn,605-713-8734,Findlay.O'Quinn@example.com,Los Angeles,USA,1.0,Yes,No,No
0411,Candice Hooper,382-506-1338,Candice.Hooper@example.com,Toronto,Canada,3.0,Yes,Yes,Yes
0413,Charlotte Trevino,110-715-4620,Charlotte.Trevino@example.com,New York,USA,2.0,Yes,Yes,No
0414,Ahmed Mcpherson,797-300-1323,Ahmed.Mcpherson@example.com,Los Angeles,USA,1.0,Yes,No,No
0415,Christopher Pollard,915-743-9764,Christopher.Pollard@example.com,San Diego,USA,3.0,Yes,Yes,Yes
0416,Emilie Mckee,270-914-6681,Emilie.Mckee@example.com,San Francisco,USA,2.0,Yes,Yes,No
0417,Sufyaan Gonzales,729-767-8923,Sufyaan.Gonzales@example.com,San Diego,USA,3.0,Yes,Yes,Yes
0418,Kian Stephens,820-881-5658,Kian.Stephens@example.com,Chicago,USA,3.0,Yes,Yes,Yes
0419,Celine Calderon,110-293-2276,Celine.Calderon@example.com,San Diego,USA,1.0,No,Yes,No
0420,Pablo Benton,918-474-3062,Pablo.Benton@example.com,London,United Kingdom,1.0,Yes,No,No
0421,Juliet Gordon,647-601-9488,Juliet.Gordon@example.com,San Diego,USA,1.0,Yes,No,No
0422,Ruby Reid,877-977-4677,Ruby.Reid@example.com,San Francisco,USA,1.0,No,Yes,No
0423,Haaris Blevins,790-597-2437,Haaris.Blevins@example.com,Chicago,USA,1.0,No,Yes,No
0424,Carol Bean,168-263-3805,Carol.Bean@example.com,San Francisco,USA,1.0,Yes,No,No
0425,Ines Davis,238-215-9099,Ines.Davis@example.com,San Francisco,USA,1.0,No,No,Yes
0426,Bill Chen,264-895-1912,Bill.Chen@example.com,Toronto,Canada,3.0,Yes,Yes,Yes
0428,Abi Montgomery,904-933-1987,Abi.Montgomery@example.com,Montreal,Canada,1.0,No,No,Yes
0429,Mike Hurst,488-247-6930,Mike.Hurst@example.com,Montreal,Canada,2.0,No,Yes,Yes
0430,Huw Pearson,505-476-1251,Huw.Pearson@example.com,San Diego,USA,1.0,No,Yes,No
0431,Alannah Vaughn,942-130-5841,Alannah.Vaughn@example.com,San Francisco,USA,1.0,Yes,No,No
0432,Camilla Huff,943-976-4626,Camilla.Huff@example.com,San Francisco,USA,2.0,Yes,No,Yes
0433,Angelo Manning,182-351-6749,Angelo.Manning@example.com,Toronto,Canada,1.0,Yes,No,No
0434,Enzo Hess,359-874-3781,Enzo.Hess@example.com,Los Angeles,USA,2.0,Yes,No,Yes
0435,Jorge Hebert,301-526-9714,Jorge.Hebert@example.com,Los Angeles,USA,1.0,No,No,Yes
0436,Alan Burton,795-682-8733,Alan.Burton@example.com,San Francisco,USA,1.0,Yes,No,No
0437,Harvey Rios,439-940-5960,Harvey.Rios@example.com,Los Angeles,USA,2.0,Yes,Yes,No
0438,Leslie Harrington,170-517-1270,Leslie.Harrington@example.com,Chicago,USA,2.0,Yes,Yes,No
0439,Leona Daugherty,815-288-7354,Leona.Daugherty@example.com,Montreal,Canada,3.0,Yes,Yes,Yes
0440,Dean Koch,510-682-8416,Dean.Koch@example.com,San Francisco,USA,1.0,No,No,Yes
0441,Conrad Hanna,934-954-3387,Conrad.Hanna@example.com,San Diego,USA,2.0,No,Yes,Yes
0442,Lenny Hardy,618-571-1851,Lenny.Hardy@example.com,Toronto,Canada,2.0,No,Yes,Yes
0443,Miguel Guerrero,542-618-4471,Miguel.Guerrero@example.com,San Francisco,USA,3.0,Yes,Yes,Yes
0444,Karina Mata,428-919-4395,Karina.Mata@example.com,San Francisco,USA,2.0,Yes,Yes,No
0445,Marco Fletcher,196-551-2162,Marco.Fletcher@example.com,Los Angeles,USA,2.0,Yes,Yes,No
0446,Julius Marquez,189-235-8167,Julius.Marquez@example.com,Montreal,Canada,2.0,No,Yes,Yes
0447,Lucy Livingston,528-980-5732,Lucy.Livingston@example.com,San Diego,USA,2.0,Yes,No,Yes
0449,Raja Hull,209-644-4005,Raja.Hull@example.com,Toronto,Canada,2.0,Yes,No,Yes
0451,Amie Lin,153-814-9880,Amie.Lin@example.com,New York,USA,2.0,Yes,No,Yes
0452,Iqra Kelly,319-337-5741,Iqra.Kelly@example.com,Los Angeles,USA,3.0,Yes,Yes,Yes
0453,Kiran Barr,755-593-9023,Kiran.Barr@example.com,New York,USA,1.0,No,Yes,No
0454,Zuzanna Moody,727-221-6352,Zuzanna.Moody@example.com,San Diego,USA,2.0,No,Yes,Yes
0455,Margaret Woods,693-338-9657,Margaret.Woods@example.com,Chicago,USA,1.0,No,No,Yes
0456,Larry Clay,151-494-2927,Larry.Clay@example.com,Montreal,Canada,1.0,No,Yes,No
0457,Ffion Brandt,560-197-4771,Ffion.Brandt@example.com,San Diego,USA,1.0,No,No,Yes
0458,Taha Torres,685-146-7547,Taha.Torres@example.com,Los Angeles,USA,1.0,No,Yes,No
0459,Hector Lam,784-605-2200,Hector.Lam@example.com,Los Angeles,USA,2.0,Yes,No,Yes
0460,Demi Dennis,429-374-1894,Demi.Dennis@example.com,Los Angeles,USA,1.0,No,Yes,No
0461,Leila Hawkins,970-992-9362,Leila.Hawkins@example.com,Los Angeles,USA,1.0,No,Yes,No
0462,Junior Schwartz,543-252-9069,Junior.Schwartz@example.com,San Francisco,USA,2.0,No,Yes,Yes
0463,Tristan Lambert,125-567-3504,Tristan.Lambert@example.com,San Diego,USA,3.0,Yes,Yes,Yes
0464,Liliana Carpenter,769-403-7834,Liliana.Carpenter@example.com,New York,USA,1.0,No,Yes,No
0466,Charis Cotton,598-771-1224,Charis.Cotton@example.com,Toronto,Canada,1.0,No,No,Yes
0467,Zubair Sheppard,845-425-4523,Zubair.Sheppard@example.com,San Francisco,USA,3.0,Yes,Yes,Yes
0469,Zohaib Preston,575-540-7871,Zohaib.Preston@example.com,San Francisco,USA,1.0,No,Yes,No
0470,Kyla Brennan,440-863-6538,Kyla.Brennan@example.com,Toronto,Canada,1.0,No,No,Yes
0471,Amira Mueller,445-867-4511,Amira.Mueller@example.com,San Francisco,USA,1.0,No,Yes,No
0472,Colby Baxter,584-747-3867,Colby.Baxter@example.com,Los Angeles,USA,1.0,Yes,No,No
0473,Hayden Lucas,527-308-6637,Hayden.Lucas@example.com,Montreal,Canada,2.0,Yes,No,Yes
0476,Sabrina Becker,895-364-8107,Sabrina.Becker@example.com,Toronto,Canada,1.0,Yes,No,No
0478,Alejandro Ali,685-467-9906,Alejandro.Ali@example.com,San Francisco,USA,1.0,No,No,Yes
0479,Terence Rosales,298-641-6696,Terence.Rosales@example.com,Toronto,Canada,2.0,No,Yes,Yes
0480,Abu Miranda,615-102-4849,Abu.Miranda@example.com,Los Angeles,USA,2.0,No,Yes,Yes
0481,Sophia Randolph,972-667-2372,Sophia.Randolph@example.com,New York,USA,2.0,Yes,Yes,No
0482,Ahmad Patrick,875-486-1626,Ahmad.Patrick@example.com,Toronto,Canada,2.0,Yes,Yes,No
0483,Christine Davenport,168-853-2168,Christine.Davenport@example.com,Montreal,Canada,1.0,No,Yes,No
0484,Lowri Brady,116-274-4785,Lowri.Brady@example.com,Toronto,Canada,2.0,Yes,Yes,No
0485,Ashley Cain,679-244-6655,Ashley.Cain@example.com,London,United Kingdom,1.0,No,No,Yes
0486,Andre Le,583-114-3994,Andre.Le@example.com,San Francisco,USA,1.0,Yes,No,No
0487,Bernard Moran,863-265-3242,Bernard.Moran@example.com,San Francisco,USA,1.0,No,Yes,No
0489,Khadija Dunlap,752-472-1641,Khadija.Dunlap@example.com,San Francisco,USA,2.0,Yes,No,Yes
0490,Rhonda Coffey,473-420-4500,Rhonda.Coffey@example.com,San Francisco,USA,2.0,No,Yes,Yes
0491,Ehsan Anthony,364-687-4749,Ehsan.Anthony@example.com,San Francisco,USA,1.0,No,No,Yes
0492,Haider Mcguire,719-649-9057,Haider.Mcguire@example.com,New York,USA,1.0,No,No,Yes
0493,Jazmine Harper,956-324-6086,Jazmine.Harper@example.com,Los Angeles,USA,2.0,No,Yes,Yes
0494,Bryan Caldwell,161-104-1451,Bryan.Caldwell@example.com,San Francisco,USA,1.0,No,No,Yes
0495,Sandra Bowman,190-234-9749,Sandra.Bowman@example.com,Los Angeles,USA,3.0,Yes,Yes,Yes
0496,Micheal Maldonado,895-850-8289,Micheal.Maldonado@example.com,London,United Kingdom,1.0,No,No,Yes
0497,Arjun Mccarthy,152-255-3479,Arjun.Mccarthy@example.com,Los Angeles,USA,1.0,Yes,No,No
0498,Keisha Norris,117-850-3045,Keisha.Norris@example.com,New York,USA,2.0,Yes,Yes,No
0499,Harris Mack,633-338-5745,Harris.Mack@example.com,New York,USA,1.0,No,Yes,No
0501,Nannie Carr,175-709-3929,Nannie.Carr@example.com,San Francisco,USA,2.0,Yes,No,Yes
0502,Imran Page,203-209-8114,Imran.Page@example.com,Montreal,Canada,2.0,No,Yes,Yes
0503,Jim Moses,560-446-1279,Jim.Moses@example.com,London,United Kingdom,1.0,No,Yes,No
0504,Anjali Peck,703-497-6452,Anjali.Peck@example.com,San Diego,USA,1.0,No,Yes,No
0505,Bessie Conley,128-912-7282,Bessie.Conley@example.com,London,United Kingdom,1.0,No,Yes,No
0506,Jude Manning,705-992-3397,Jude.Manning@example.com,New York,USA,3.0,Yes,Yes,Yes
0507,Bridget Oneill,349-116-7728,Bridget.Oneill@example.com,San Francisco,USA,1.0,Yes,No,No
0508,Brooke Barron,715-588-5341,Brooke.Barron@example.com,Chicago,USA,1.0,No,Yes,No
0509,Lukas Howard,846-508-8212,Lukas.Howard@example.com,Chicago,USA,2.0,Yes,No,Yes
0510,Kaya Jacobson,870-909-4612,Kaya.Jacobson@example.com,San Francisco,USA,1.0,Yes,No,No
0511,Kitty Carroll,305-617-1384,Kitty.Carroll@example.com,San Diego,USA,1.0,No,Yes,No
0512,Khadijah Little,258-211-4243,Khadijah.Little@example.com,San Diego,USA,2.0,Yes,Yes,No
0513,Scarlett Bradley,841-963-6257,Scarlett.Bradley@example.com,San Diego,USA,1.0,No,Yes,No
0514,Willard Odling,156-301-8459,Willard.Odling@example.com,Chicago,USA,2.0,Yes,No,Yes
0515,Gerald Carver,658-867-4112,Gerald.Carver@example.com,Los Angeles,USA,1.0,No,No,Yes
0516,Kate Key,336-283-3896,Kate.Key@example.com,San Francisco,USA,2.0,No,Yes,Yes
0517,Danielle Lester,427-342-5497,Danielle.Lester@example.com,San Francisco,USA,2.0,Yes,Yes,No
0518,Mabel Pace,752-347-2146,Mabel.Pace@example.com,Los Angeles,USA,2.0,No,Yes,Yes
0519,Eoin Fields,507-766-7432,Eoin.Fields@example.com,Los Angeles,USA,1.0,Yes,No,No
0520,Henry Holloway,760-481-5035,Henry.Holloway@example.com,San Francisco,USA,1.0,No,No,Yes
0521,Khalid Mclaughlin,140-879-1467,Khalid.Mclaughlin@example.com,San Francisco,USA,1.0,Yes,No,No
0522,Umar Guerrero,207-890-3313,Umar.Guerrero@example.com,San Francisco,USA,3.0,Yes,Yes,Yes
0523,Ameera Kirby,611-776-9890,Ameera.Kirby@example.com,London,United Kingdom,2.0,Yes,No,Yes
0524,Emre Everett,986-281-7506,Emre.Everett@example.com,San Francisco,USA,2.0,No,Yes,Yes
0525,Aidan Mcmahon,896-647-2628,Aidan.Mcmahon@example.com,New York,USA,3.0,Yes,Yes,Yes
0526,Tara Brewer,114-507-5478,Tara.Brewer@example.com,New York,USA,1.0,No,Yes,No
0527,Layton Cisneros,624-631-4459,Layton.Cisneros@example.com,San Francisco,USA,1.0,Yes,No,No
0528,Md Booker,544-944-1609,Md.Booker@example.com,New York,USA,2.0,Yes,No,Yes
0529,Lawrence Simon,305-708-6970,Lawrence.Simon@example.com,San Diego,USA,1.0,No,Yes,No
0530,Isobelle Davidson,237-295-4490,Isobelle.Davidson@example.com,San Francisco,USA,1.0,No,Yes,No
0531,Jake Salazar,250-705-1154,Jake.Salazar@example.com,San Francisco,USA,1.0,Yes,No,No
0532,Lawson Levine,785-936-5286,Lawson.Levine@example.com,San Francisco,USA,3.0,Yes,Yes,Yes
0533,Joshua Holt,993-541-7464,Joshua.Holt@example.com,New York,USA,2.0,No,Yes,Yes
0534,Ada Walsh,391-963-8942,Ada.Walsh@example.com,San Francisco,USA,1.0,No,No,Yes
0535,Carolyn Pittman,451-215-7038,Carolyn.Pittman@example.com,New York,USA,1.0,Yes,No,No
0536,Orla Monroe,200-722-3778,Orla.Monroe@example.com,Toronto,Canada,2.0,No,Yes,Yes
0537,Bronwyn Hanna,763-469-4049,Bronwyn.Hanna@example.com,Toronto,Canada,1.0,Yes,No,No
0538,Tristan Valdez,109-614-1639,Tristan.Valdez@example.com,Los Angeles,USA,2.0,Yes,Yes,No
0539,Ruth Stone,429-930-9178,Ruth.Stone@example.com,Montreal,Canada,2.0,Yes,Yes,No
0540,Savannah Boone,159-573-6793,Savannah.Boone@example.com,Los Angeles,USA,3.0,Yes,Yes,Yes
0541,Elysia Schaefer,264-321-9679,Elysia.Schaefer@example.com,Montreal,Canada,2.0,Yes,No,Yes
0542,Moses O'Gallagher,303-406-9507,Moses.O'Gallagher@example.com,Chicago,USA,1.0,Yes,No,No
0543,Esme Krueger,173-138-2227,Esme.Krueger@example.com,Toronto,Canada,2.0,Yes,Yes,No
0544,Millie Yates,673-424-3380,Millie.Yates@example.com,Chicago,USA,2.0,Yes,Yes,No
0545,Valentina Cross,142-486-2939,Valentina.Cross@example.com,Los Angeles,USA,2.0,Yes,Yes,No
0546,Lenny Patrick,109-247-6898,Lenny.Patrick@example.com,San Francisco,USA,2.0,Yes,Yes,No
0547,Ty Serrano,901-570-7400,Ty.Serrano@example.com,San Francisco,USA,1.0,No,Yes,No
0548,Katherine Whitehead,416-889-9840,Katherine.Whitehead@example.com,Los Angeles,USA,3.0,Yes,Yes,Yes
0549,Danny Tate,574-779-9113,Danny.Tate@example.com,San Diego,USA,1.0,Yes,No,No
0550,Prince Sharp,886-278-8764,Prince.Sharp@example.com,Montreal,Canada,2.0,No,Yes,Yes
0551,Donovan Evans,729-134-2962,Donovan.Evans@example.com,Montreal,Canada,1.0,No,Yes,No
0553,Rajan Fletcher,443-159-6306,Rajan.Fletcher@example.com,Chicago,USA,2.0,Yes,No,Yes
0554,Tyrell Holman,582-574-4299,Tyrell.Holman@example.com,San Francisco,USA,2.0,No,Yes,Yes
0555,Ammar Floyd,960-107-6796,Ammar.Floyd@example.com,New York,USA,2.0,No,Yes,Yes
0556,Zayn Webb,561-761-7547,Zayn.Webb@example.com,New York,USA,2.0,Yes,No,Yes
0557,Wilbur Valentine,718-283-9417,Wilbur.Valentine@example.com,San Francisco,USA,3.0,Yes,Yes,Yes
0558,Clementine Sloan,480-906-3761,Clementine.Sloan@example.com,Chicago,USA,2.0,Yes,Yes,No
0559,Cecilia Edwards,941-963-8256,Cecilia.Edwards@example.com,London,United Kingdom,3.0,Yes,Yes,Yes
0560,Aled Harris,924-132-3783,Aled.Harris@example.com,San Diego,USA,2.0,No,Yes,Yes
0561,Miya Warner,204-288-1980,Miya.Warner@example.com,Los Angeles,USA,1.0,No,No,Yes
0562,Marjorie Morrison,642-203-8931,Marjorie.Morrison@example.com,San Francisco,USA,1.0,Yes,No,No
0563,Safaa Sharpe,648-955-3738,Safaa.Sharpe@example.com,San Francisco,USA,1.0,No,No,Yes
0564,Craig Mcknight,634-813-9351,Craig.Mcknight@example.com,Chicago,USA,2.0,Yes,No,Yes
0565,Alice Huber,190-538-3053,Alice.Huber@example.com,Chicago,USA,1.0,No,No,Yes
0566,Cruz Neal,732-513-2567,Cruz.Neal@example.com,Chicago,USA,1.0,No,No,Yes
0567,Macy King,475-826-7209,Macy.King@example.com,Montreal,Canada,1.0,Yes,No,No
0568,Zaki Mcpherson,344-278-2013,Zaki.Mcpherson@example.com,San Francisco,USA,2.0,Yes,No,Yes
0569,Magnus Mcneil,125-993-7660,Magnus.Mcneil@example.com,San Francisco,USA,2.0,No,Yes,Yes
0570,Vinnie Schwartz,790-948-7013,Vinnie.Schwartz@example.com,San Diego,USA,1.0,No,No,Yes
0571,Keelan Thompson,254-156-9308,Keelan.Thompson@example.com,San Francisco,USA,2.0,No,Yes,Yes
0572,Davina O'Doherty,330-649-8079,Davina.O'Doherty@example.com,New York,USA,2.0,Yes,No,Yes
0573,Arron Herman,999-222-5375,Arron.Herman@example.com,San Diego,USA,1.0,No,No,Yes
0575,Casper Padilla,823-261-2968,Casper.Padilla@example.com,San Francisco,USA,2.0,Yes,Yes,No
0576,David Mcconnell,967-585-7262,David.Mcconnell@example.com,San Francisco,USA,1.0,No,Yes,No
0577,Yasin Rogers,416-776-3422,Yasin.Rogers@example.com,San Diego,USA,1.0,No,Yes,No
0578,Demi Callahan,713-176-8275,Demi.Callahan@example.com,Toronto,Canada,1.0,Yes,No,No
0579,Sufyaan Castillo,412-479-8766,Sufyaan.Castillo@example.com,Montreal,Canada,2.0,Yes,No,Yes
0581,Kamal Gates,622-660-1036,Kamal.Gates@example.com,Chicago,USA,1.0,Yes,No,No
0582,Yusra Norman,945-940-4995,Yusra.Norman@example.com,Los Angeles,USA,2.0,Yes,No,Yes
0583,Bryony Stevens,537-447-5075,Bryony.Stevens@example.com,New York,USA,1.0,No,No,Yes
0584,Darcy Jenkins,705-890-7715,Darcy.Jenkins@example.com,Los Angeles,USA,1.0,No,Yes,No
0585,Sufyan Guzman,125-583-6823,Sufyan.Guzman@example.com,Montreal,Canada,2.0,No,Yes,Yes
0586,Casey Finley,306-893-4689,Casey.Finley@example.com,London,United Kingdom,3.0,Yes,Yes,Yes
0587,Alina Odom,737-828-4041,Alina.Odom@example.com,Chicago,USA,3.0,Yes,Yes,Yes
0588,Miranda Cain,377-263-6278,Miranda.Cain@example.com,Los Angeles,USA,1.0,No,No,Yes
0589,Omari Gibbs,524-749-7401,Omari.Gibbs@example.com,San Diego,USA,1.0,No,No,Yes
0590,Susannah Kane,172-773-1455,Susannah.Kane@example.com,New York,USA,3.0,Yes,Yes,Yes
0591,Annalise Stephens,853-224-1381,Annalise.Stephens@example.com,Toronto,Canada,2.0,No,Yes,Yes
0592,Jamil Shepherd,298-276-5058,Jamil.Shepherd@example.com,Toronto,Canada,3.0,Yes,Yes,Yes
0593,Danyal Lang,629-875-4423,Danyal.Lang@example.com,Toronto,Canada,2.0,No,Yes,Yes
0594,Barry Reilly,117-863-9669,Barry.Reilly@example.com,Montreal,Canada,1.0,No,No,Yes
0595,Archie Gregory,945-301-2904,Archie.Gregory@example.com,San Diego,USA,2.0,Yes,No,Yes
0596,Hajra Baxter,600-542-2254,Hajra.Baxter@example.com,San Francisco,USA,1.0,Yes,No,No
0597,Earl Fowler,648-268-9331,Earl.Fowler@example.com,Los Angeles,USA,2.0,Yes,Yes,No
0598,Monica Bruce,302-368-5572,Monica.Bruce@example.com,Los Angeles,USA,1.0,No,Yes,No
0599,Astrid Delgado,641-317-3741,Astrid.Delgado@example.com,London,United Kingdom,3.0,Yes,Yes,Yes
0600,Bill Jacobs,279-704-9018,Bill.Jacobs@example.com,San Francisco,USA,1.0,Yes,No,No
0601,Rio Pennington,473-123-1959,Rio.Pennington@example.com,New York,USA,3.0,Yes,Yes,Yes
0602,Jazmin Lopez,116-866-3838,Jazmin.Lopez@example.com,Los Angeles,USA,3.0,Yes,Yes,Yes
0603,Bilal Shaffer,308-774-7278,Bilal.Shaffer@example.com,San Diego,USA,1.0,No,No,Yes
0604,Elisha Cobb,821-536-1739,Elisha.Cobb@example.com,San Francisco,USA,1.0,No,Yes,No
0605,Earl Hobbs,916-866-7237,Earl.Hobbs@example.com,New York,USA,1.0,No,No,Yes
0606,Bertha Walsh,129-506-2067,Bertha.Walsh@example.com,London,United Kingdom,2.0,Yes,Yes,No
0607,Bibi Roberts,631-796-8801,Bibi.Roberts@example.com,New York,USA,1.0,Yes,No,No
0608,Rishi Barron,331-128-4346,Rishi.Barron@example.com,Montreal,Canada,3.0,Yes,Yes,Yes
0610,Keira Herman,607-258-2059,Keira.Herman@example.com,Los Angeles,USA,1.0,Yes,No,No
0611,Omari Richmond,921-179-3270,Omari.Richmond@example.com,San Diego,USA,1.0,No,No,Yes
0612,Rabia Parsons,244-470-8381,Rabia.Parsons@example.com,Montreal,Canada,1.0,Yes,No,No
0613,Larissa Perez,742-168-6071,Larissa.Perez@example.com,London,United Kingdom,2.0,Yes,No,Yes
0615,Katelyn Collins,878-870-9506,Katelyn.Collins@example.com,San Diego,USA,1.0,Yes,No,No
0616,Jerry Whitney,990-444-7435,Jerry.Whitney@example.com,San Francisco,USA,2.0,No,Yes,Yes
0617,Beau Duran,797-203-1866,Beau.Duran@example.com,New York,USA,2.0,Yes,Yes,No
0618,Janet Hughes,194-769-6265,Janet.Hughes@example.com,Los Angeles,USA,1.0,No,Yes,No
0619,Ria Ponce,547-111-1151,Ria.Ponce@example.com,Chicago,USA,1.0,No,Yes,No
0620,Neo Lara,276-319-4768,Neo.Lara@example.com,Toronto,Canada,2.0,Yes,Yes,No
0621,Kiana Carter,219-142-7516,Kiana.Carter@example.com,San Diego,USA,1.0,No,Yes,No
0622,Alexa Baird,604-771-4056,Alexa.Baird@example.com,San Francisco,USA,1.0,No,Yes,No
0623,Ronald Estes,328-873-2183,Ronald.Estes@example.com,Chicago,USA,1.0,No,Yes,No
0624,Nia Adams,520-550-1148,Nia.Adams@example.com,San Diego,USA,3.0,Yes,Yes,Yes
0625,Diane Kelly,219-449-5089,Diane.Kelly@example.com,Montreal,Canada,2.0,Yes,Yes,No
0626,Phoenix Chapman,791-853-6464,Phoenix.Chapman@example.com,Los Angeles,USA,3.0,Yes,Yes,Yes
0627,Everly Key,152-557-5017,Everly.Key@example.com,New York,USA,1.0,No,Yes,No
0629,Mae Castro,714-485-2518,Mae.Castro@example.com,San Francisco,USA,2.0,No,Yes,Yes
0630,Harold Sharpe,646-622-1082,Harold.Sharpe@example.com,New York,USA,2.0,Yes,No,Yes
0631,Brooklyn Fowler,933-501-9509,Brooklyn.Fowler@example.com,San Francisco,USA,3.0,Yes,Yes,Yes
0632,Enya Chen,266-343-6530,Enya.Chen@example.com,Los Angeles,USA,2.0,Yes,Yes,No
0633,Luisa Fisher,510-167-1940,Luisa.Fisher@example.com,San Diego,USA,1.0,No,Yes,No
0634,Elodie Flores,565-243-9336,Elodie.Flores@example.com,San Francisco,USA,2.0,Yes,No,Yes
0635,Hazel Yoder,839-203-3903,Hazel.Yoder@example.com,London,United Kingdom,1.0,Yes,No,No
0636,Amber Gonzalez,884-628-1984,Amber.Gonzalez@example.com,London,United Kingdom,1.0,No,No,Yes
0637,Juliet Buck,499-242-5191,Juliet.Buck@example.com,San Francisco,USA,2.0,Yes,Yes,No
0638,Jamie Berg,397-515-6866,Jamie.Berg@example.com,Los Angeles,USA,1.0,No,No,Yes
0639,Stella Wilkinson,145-501-4975,Stella.Wilkinson@example.com,Los Angeles,USA,2.0,Yes,Yes,No
0640,Nadia Wyatt,277-573-9871,Nadia.Wyatt@example.com,San Diego,USA,3.0,Yes,Yes,Yes
0641,Kacie Morse,108-917-7237,Kacie.Morse@example.com,Toronto,Canada,3.0,Yes,Yes,Yes
0642,Seth Walter,988-932-7592,Seth.Walter@example.com,London,United Kingdom,1.0,No,Yes,No
0643,Lauren Ashley,564-133-8260,Lauren.Ashley@example.com,London,United Kingdom,2.0,No,Yes,Yes
0644,Wilfred Michael,632-902-2453,Wilfred.Michael@example.com,Chicago,USA,1.0,No,Yes,No
0645,Gary Richards,970-902-7934,Gary.Richards@example.com,Toronto,Canada,2.0,Yes,Yes,No
0646,Brittney Ruiz,259-940-6592,Brittney.Ruiz@example.com,San Francisco,USA,2.0,No,Yes,Yes
0647,Jaxson Moss,499-701-5813,Jaxson.Moss@example.com,San Francisco,USA,2.0,Yes,Yes,No
0648,Luna Levy,855-484-1981,Luna.Levy@example.com,San Francisco,USA,3.0,Yes,Yes,Yes
0651,Jamil Maldonado,424-799-2220,Jamil.Maldonado@example.com,New York,USA,2.0,Yes,No,Yes
0652,Dillon Johnston,732-904-7872,Dillon.Johnston@example.com,New York,USA,1.0,No,No,Yes
0653,Lilli Bowman,551-867-4367,Lilli.Bowman@example.com,New York,USA,1.0,No,Yes,No
0654,Dexter Hartley,582-489-4208,Dexter.Hartley@example.com,San Diego,USA,1.0,No,Yes,No
0655,Hari Everett,487-669-8884,Hari.Everett@example.com,San Francisco,USA,2.0,No,Yes,Yes
0656,Tomos Velez,233-661-3978,Tomos.Velez@example.com,Los Angeles,USA,2.0,Yes,No,Yes
0657,Abu Delacruz,401-411-2184,Abu.Delacruz@example.com,New York,USA,2.0,Yes,Yes,No
0658,Syeda Calhoun,738-680-1717,Syeda.Calhoun@example.com,Chicago,USA,1.0,No,No,Yes
0659,Oliwier Gill,902-175-4864,Oliwier.Gill@example.com,San Diego,USA,3.0,Yes,Yes,Yes
0660,Zayn Kaufman,893-890-8415,Zayn.Kaufman@example.com,Chicago,USA,2.0,No,Yes,Yes
0661,Vera Walker,516-811-2158,Vera.Walker@example.com,London,United Kingdom,2.0,No,Yes,Yes
0662,Anthony Mccullough,330-176-2600,Anthony.Mccullough@example.com,Chicago,USA,1.0,No,No,Yes
0663,Rowan Acevedo,223-620-9032,Rowan.Acevedo@example.com,Los Angeles,USA,2.0,No,Yes,Yes
0664,Zara Oconnell,543-537-6044,Zara.Oconnell@example.com,Toronto,Canada,1.0,Yes,No,No
0665,Lucia Cisneros,470-574-7167,Lucia.Cisneros@example.com,San Francisco,USA,3.0,Yes,Yes,Yes
0666,Julius Donnelly,733-325-2658,Julius.Donnelly@example.com,San Francisco,USA,2.0,Yes,No,Yes
0667,Theresa Bentley,553-407-1049,Theresa.Bentley@example.com,San Francisco,USA,1.0,Yes,No,No
0668,Joshua Bonner,550-710-1849,Joshua.Bonner@example.com,San Francisco,USA,1.0,No,No,Yes
0669,Abdirahman Marsh,653-601-4374,Abdirahman.Marsh@example.com,Toronto,Canada,1.0,No,Yes,No
0670,Jacob Patton,914-260-3945,Jacob.Patton@example.com,San Diego,USA,3.0,Yes,Yes,Yes
0671,Alexander Terry,480-560-1876,Alexander.Terry@example.com,New York,USA,3.0,Yes,Yes,Yes
0672,Kane Huff,417-611-9319,Kane.Huff@example.com,Chicago,USA,1.0,No,No,Yes
0673,Sapphire Hatfield,564-357-3504,Sapphire.Hatfield@example.com,San Francisco,USA,3.0,Yes,Yes,Yes
0674,Mahir Cooper,829-570-7880,Mahir.Cooper@example.com,San Francisco,USA,1.0,No,No,Yes
0675,Tom Tapia,439-227-1780,Tom.Tapia@example.com,Chicago,USA,1.0,No,No,Yes
0676,Oliwia Harvey,143-701-8741,Oliwia.Harvey@example.com,San Francisco,USA,1.0,No,No,Yes
0677,Kelvin Hendricks,767-726-4455,Kelvin.Hendricks@example.com,San Diego,USA,1.0,Yes,No,No
0678,Mustafa Mason,866-179-9539,Mustafa.Mason@example.com,Los Angeles,USA,1.0,No,Yes,No
0679,Gabriela Norton,138-968-6467,Gabriela.Norton@example.com,Chicago,USA,1.0,Yes,No,No
0680,Esha Zuniga,807-517-9078,Esha.Zuniga@example.com,Los Angeles,USA,2.0,No,Yes,Yes
0681,Lucas Burke,321-512-2703,Lucas.Burke@example.com,Toronto,Canada,2.0,No,Yes,Yes
0682,Laura Valdez,766-901-1157,Laura.Valdez@example.com,Los Angeles,USA,3.0,Yes,Yes,Yes
0683,Irene Kim,946-883-2145,Irene.Kim@example.com,San Francisco,USA,1.0,No,Yes,No
0684,Raheem Ellis,491-961-7709,Raheem.Ellis@example.com,Chicago,USA,2.0,No,Yes,Yes
0685,Lisa Mcclain,518-968-9659,Lisa.Mcclain@example.com,New York,USA,1.0,Yes,No,No
0686,Mohamed Miller,883-481-7339,Mohamed.Miller@example.com,San Diego,USA,3.0,Yes,Yes,Yes
0687,Thea Suarez,647-211-7337,Thea.Suarez@example.com,Toronto,Canada,3.0,Yes,Yes,Yes
0688,Leighton Crane,372-753-5586,Leighton.Crane@example.com,Los Angeles,USA,1.0,No,No,Yes
0689,Kayla Jones,579-756-1305,Kayla.Jones@example.com,London,United Kingdom,2.0,Yes,Yes,No
0690,Jessie Noble,557-354-5286,Jessie.Noble@example.com,San Francisco,USA,1.0,No,Yes,No
0692,Azaan Barker,326-267-7811,Azaan.Barker@example.com,New York,USA,3.0,Yes,Yes,Yes
0693,Jayden Dunlap,626-458-8110,Jayden.Dunlap@example.com,New York,USA,2.0,Yes,Yes,No
0694,Richard Pope,216-184-3684,Richard.Pope@example.com,Los Angeles,USA,3.0,Yes,Yes,Yes
0695,Xander Levine,790-969-1579,Xander.Levine@example.com,Toronto,Canada,2.0,No,Yes,Yes
0696,Anais Pineda,609-304-3412,Anais.Pineda@example.com,New York,USA,1.0,Yes,No,No
0697,Donald Horne,738-911-3567,Donald.Horne@example.com,San Francisco,USA,2.0,Yes,Yes,No
0698,Arjun Dejesus,693-790-8692,Arjun.Dejesus@example.com,Chicago,USA,1.0,No,Yes,No
0699,Jonathan Klein,495-419-4637,Jonathan.Klein@example.com,Los Angeles,USA,1.0,No,No,Yes
0700,Dante Burgess,222-241-4261,Dante.Burgess@example.com,San Diego,USA,2.0,Yes,No,Yes
0701,Tamsin Stein,953-386-1321,Tamsin.Stein@example.com,Los Angeles,USA,2.0,Yes,Yes,No
0702,Brayden Patrick,173-881-1582,Brayden.Patrick@example.com,Los Angeles,USA,2.0,Yes,No,Yes
0703,Wade Hancock,245-455-9119,Wade.Hancock@example.com,London,United Kingdom,3.0,Yes,Yes,Yes
0704,Nicholas Thomson,936-615-3052,Nicholas.Thomson@example.com,Toronto,Canada,1.0,No,Yes,No
0705,Vincent Garrison,598-173-8153,Vincent.Garrison@example.com,Chicago,USA,1.0,No,Yes,No
0706,Elisha Garza,313-206-2033,Elisha.Garza@example.com,Los Angeles,USA,3.0,Yes,Yes,Yes
0708,Enzo Whitney,565-709-5636,Enzo.Whitney@example.com,Chicago,USA,3.0,Yes,Yes,Yes
0709,Stacey Daniel,246-819-8817,Stacey.Daniel@example.com,San Diego,USA,1.0,Yes,No,No
0710,Candice Moyer,964-229-5609,Candice.Moyer@example.com,San Francisco,USA,2.0,Yes,Yes,No
0711,Calvin Tucker,338-784-4359,Calvin.Tucker@example.com,San Diego,USA,1.0,No,Yes,No
0712,Bronte Mendoza,323-783-6615,Bronte.Mendoza@example.com,Toronto,Canada,2.0,Yes,Yes,No
0713,Ameer Orr,993-387-9130,Ameer.Orr@example.com,Chicago,USA,2.0,Yes,No,Yes
0714,Isla Barber,860-505-2643,Isla.Barber@example.com,Toronto,Canada,1.0,No,Yes,No
0716,Barnaby Wagner,974-500-4168,Barnaby.Wagner@example.com,Montreal,Canada,1.0,No,No,Yes
0717,Barry Taylor,999-341-2797,Barry.Taylor@example.com,San Francisco,USA,1.0,No,No,Yes
0718,Esme Reeves,151-285-9583,Esme.Reeves@example.com,Chicago,USA,1.0,No,No,Yes
0719,Marnie White,267-434-1395,Marnie.White@example.com,San Francisco,USA,1.0,Yes,No,No
0720,Giovanni Duncan,679-161-6360,Giovanni.Duncan@example.com,New York,USA,2.0,No,Yes,Yes
0721,Hannah Roman,331-750-4621,Hannah.Roman@example.com,London,United Kingdom,1.0,No,Yes,No
0722,Nannie Hunt,290-190-1157,Nannie.Hunt@example.com,Chicago,USA,2.0,Yes,No,Yes
0723,Yash Mcleod,270-525-3291,Yash.Mcleod@example.com,London,United Kingdom,1.0,Yes,No,No
0724,Mae Barry,501-577-5306,Mae.Barry@example.com,London,United Kingdom,1.0,No,Yes,No
0725,Dylan York,832-799-7454,Dylan.York@example.com,Chicago,USA,1.0,No,Yes,No
0726,Aya Weeks,466-888-7144,Aya.Weeks@example.com,Toronto,Canada,2.0,Yes,Yes,No
0727,Dawn Cisneros,375-337-2745,Dawn.Cisneros@example.com,Toronto,Canada,1.0,No,No,Yes
0728,Rohan Figueroa,542-617-7442,Rohan.Figueroa@example.com,New York,USA,1.0,Yes,No,No
0729,Abigail Medina,857-602-1192,Abigail.Medina@example.com,London,United Kingdom,2.0,Yes,No,Yes
0730,Rhodri Haley,574-869-4715,Rhodri.Haley@example.com,London,United Kingdom,1.0,No,Yes,No
0731,Denzel Black,677-290-8939,Denzel.Black@example.com,San Francisco,USA,2.0,Yes,No,Yes
0732,Sienna Howard,835-486-5256,Sienna.Howard@example.com,Los Angeles,USA,1.0,No,No,Yes
0733,Fahad Gill,796-816-9963,Fahad.Gill@example.com,Chicago,USA,2.0,Yes,Yes,No
0734,Harun Clark,853-267-3048,Harun.Clark@example.com,San Francisco,USA,1.0,Yes,No,No
0735,Shane Wheeler,315-892-7127,Shane.Wheeler@example.com,Los Angeles,USA,2.0,Yes,Yes,No
0737,Kiara Bell,614-291-6530,Kiara.Bell@example.com,San Francisco,USA,2.0,Yes,Yes,No
0738,Gertrude Mcgrath,364-150-1035,Gertrude.Mcgrath@example.com,Toronto,Canada,2.0,Yes,Yes,No
0739,Lewis Brooks,737-205-4525,Lewis.Brooks@example.com,New York,USA,2.0,No,Yes,Yes
0740,Khalid Burke,973-766-4810,Khalid.Burke@example.com,Chicago,USA,1.0,No,Yes,No
0742,Kieran Hoover,101-165-2021,Kieran.Hoover@example.com,New York,USA,2.0,Yes,No,Yes
0743,Wendy Mcclure,830-402-9784,Wendy.Mcclure@example.com,San Diego,USA,1.0,Yes,No,No
0744,Haydn Ramos,354-376-9233,Haydn.Ramos@example.com,Los Angeles,USA,2.0,Yes,Yes,No
0745,Nettie Bryan,274-274-8873,Nettie.Bryan@example.com,Chicago,USA,1.0,No,No,Yes
0746,Isabelle Jenkins,724-444-3001,Isabelle.Jenkins@example.com,San Diego,USA,2.0,Yes,Yes,No
0747,Tia Ali,507-663-5326,Tia.Ali@example.com,San Francisco,USA,1.0,Yes,No,No
0748,Montgomery Davila,267-999-7224,Montgomery.Davila@example.com,New York,USA,2.0,Yes,No,Yes
0749,Tobias Beltran,598-751-1029,Tobias.Beltran@example.com,Chicago,USA,2.0,No,Yes,Yes
0750,Yusuf Dickerson,502-896-9441,Yusuf.Dickerson@example.com,San Francisco,USA,1.0,Yes,No,No
0751,Holly Dillon,662-944-2078,Holly.Dillon@example.com,San Diego,USA,1.0,No,No,Yes
0752,Marwa Dennis,444-295-8051,Marwa.Dennis@example.com,Chicago,USA,1.0,No,Yes,No
0753,Anais Ball,802-416-6545,Anais.Ball@example.com,San Diego,USA,2.0,No,Yes,Yes
0754,Adem Kerr,219-873-6077,Adem.Kerr@example.com,Toronto,Canada,1.0,No,Yes,No
0755,Amie Hood,659-426-4878,Amie.Hood@example.com,Los Angeles,USA,1.0,Yes,No,No
0756,Herbie Huber,562-925-1087,Herbie.Huber@example.com,New York,USA,2.0,Yes,Yes,No
0757,Bill Andersen,962-770-1270,Bill.Andersen@example.com,Toronto,Canada,2.0,Yes,Yes,No
0758,Halima Maldonado,831-743-6220,Halima.Maldonado@example.com,San Francisco,USA,2.0,Yes,Yes,No
0760,Bertie Cobb,171-373-6091,Bertie.Cobb@example.com,San Francisco,USA,1.0,No,No,Yes
0761,Gordon Morales,973-462-1199,Gordon.Morales@example.com,Chicago,USA,2.0,Yes,No,Yes
0762,Frederick Everett,262-696-7077,Frederick.Everett@example.com,San Francisco,USA,2.0,Yes,No,Yes
0763,Huda Crane,243-321-6881,Huda.Crane@example.com,Toronto,Canada,2.0,Yes,No,Yes
0764,Cecily Escobar,840-532-1467,Cecily.Escobar@example.com,New York,USA,1.0,No,No,Yes
0765,Amir Blackwell,291-386-7567,Amir.Blackwell@example.com,San Francisco,USA,1.0,No,No,Yes
0766,Sasha Berger,492-295-4570,Sasha.Berger@example.com,London,United Kingdom,1.0,Yes,No,No
0767,Lina Trujillo,351-538-5203,Lina.Trujillo@example.com,San Francisco,USA,1.0,No,No,Yes
0768,Caleb Obrien,223-387-1014,Caleb.Obrien@example.com,Toronto,Canada,2.0,Yes,Yes,No
0769,Marilyn Scott,360-359-2274,Marilyn.Scott@example.com,San Francisco,USA,3.0,Yes,Yes,Yes
0770,Jannat Landry,754-634-9309,Jannat.Landry@example.com,Los Angeles,USA,3.0,Yes,Yes,Yes
0771,Kristen Curry,473-371-9332,Kristen.Curry@example.com,San Francisco,USA,1.0,No,No,Yes
0772,Rajan Dickson,372-775-6929,Rajan.Dickson@example.com,San Diego,USA,1.0,Yes,No,No
0773,Luqman Larson,100-329-7363,Luqman.Larson@example.com,San Francisco,USA,2.0,Yes,Yes,No
0774,Bryan Powell,235-538-4936,Bryan.Powell@example.com,San Francisco,USA,1.0,Yes,No,No
0775,Haider Lynn,796-196-9713,Haider.Lynn@example.com,San Francisco,USA,1.0,No,No,Yes
0776,Jennie Freeman,396-732-6980,Jennie.Freeman@example.com,Chicago,USA,1.0,No,No,Yes
0777,Mohsin Conley,979-201-3101,Mohsin.Conley@example.com,San Francisco,USA,1.0,Yes,No,No
0778,Willow Buck,472-603-6198,Willow.Buck@example.com,San Francisco,USA,3.0,Yes,Yes,Yes
0779,Krish Hutchinson,405-788-7051,Krish.Hutchinson@example.com,London,United Kingdom,3.0,Yes,Yes,Yes
0780,Madeline Mann,441-188-5776,Madeline.Mann@example.com,New York,USA,1.0,No,Yes,No
0781,Mari Phillips,301-646-5827,Mari.Phillips@example.com,Los Angeles,USA,2.0,No,Yes,Yes
0782,Paula West,345-217-2266,Paula.West@example.com,London,United Kingdom,1.0,No,Yes,No
0783,Saira Lewis,921-562-9790,Saira.Lewis@example.com,New York,USA,1.0,No,Yes,No
0784,Tiana Decker,255-136-3687,Tiana.Decker@example.com,London,United Kingdom,2.0,No,Yes,Yes
0786,Earl Vargas,821-464-7474,Earl.Vargas@example.com,San Francisco,USA,1.0,No,No,Yes
0787,Delilah Wu,668-572-6520,Delilah.Wu@example.com,Los Angeles,USA,1.0,No,Yes,No
0789,Lloyd Wise,521-580-3829,Lloyd.Wise@example.com,San Francisco,USA,1.0,No,Yes,No
0790,Alex Alexander,489-290-8290,Alex.Alexander@example.com,San Francisco,USA,2.0,Yes,Yes,No
0791,Aoife Davidson,628-333-9139,Aoife.Davidson@example.com,London,United Kingdom,1.0,Yes,No,No
0792,Emilie Frye,193-516-9014,Emilie.Frye@example.com,San Francisco,USA,1.0,No,Yes,No
0793,Elif Hopkins,953-491-9939,Elif.Hopkins@example.com,New York,USA,1.0,No,Yes,No
0794,Hazel Watson,349-725-3565,Hazel.Watson@example.com,New York,USA,2.0,Yes,No,Yes
0795,Jonathan David,815-636-7913,Jonathan.David@example.com,San Francisco,USA,1.0,No,No,Yes
0796,Robbie Hardy,950-716-3630,Robbie.Hardy@example.com,Chicago,USA,1.0,Yes,No,No
0797,Lilian Strickland,925-438-1993,Lilian.Strickland@example.com,Toronto,Canada,2.0,Yes,No,Yes
0799,Richard Jones,478-814-3941,Richard.Jones@example.com,San Francisco,USA,2.0,No,Yes,Yes
0800,Olivier Thornton,401-494-6634,Olivier.Thornton@example.com,Montreal,Canada,3.0,Yes,Yes,Yes
0801,Gabriel Mccormick,903-845-9623,Gabriel.Mccormick@example.com,New York,USA,1.0,No,No,Yes
0802,Eleni Maxwell,449-237-4755,Eleni.Maxwell@example.com,San Diego,USA,1.0,Yes,No,No
0803,Susan Fowler,305-117-8580,Susan.Fowler@example.com,San Diego,USA,2.0,Yes,Yes,No
0804,Amin Petersen,680-177-1233,Amin.Petersen@example.com,London,United Kingdom,1.0,No,No,Yes
0805,Gareth Sanford,161-842-7749,Gareth.Sanford@example.com,Chicago,USA,1.0,Yes,No,No
0806,Miriam Stuart,846-333-2100,Miriam.Stuart@example.com,Montreal,Canada,3.0,Yes,Yes,Yes
0807,Polly Mendez,916-453-8696,Polly.Mendez@example.com,San Francisco,USA,2.0,Yes,Yes,No
0808,Omer Kemp,857-531-3045,Omer.Kemp@example.com,San Francisco,USA,2.0,Yes,No,Yes
0809,Abdullahi Carson,632-547-8327,Abdullahi.Carson@example.com,Toronto,Canada,3.0,Yes,Yes,Yes
0810,Syed Mooney,348-929-4959,Syed.Mooney@example.com,San Francisco,USA,2.0,No,Yes,Yes
0811,Dante Moon,285-551-6208,Dante.Moon@example.com,New York,USA,3.0,Yes,Yes,Yes
0812,Saad Ali,185-189-3978,Saad.Ali@example.com,San Francisco,USA,1.0,No,Yes,No
0813,Arthur Hebert,203-343-2956,Arthur.Hebert@example.com,New York,USA,1.0,Yes,No,No
0814,Demi Patel,703-829-8473,Demi.Patel@example.com,Los Angeles,USA,2.0,Yes,No,Yes
0815,Aurora Andrews,353-307-2005,Aurora.Andrews@example.com,San Diego,USA,1.0,No,No,Yes
0817,Renee Mullen,185-170-8307,Renee.Mullen@example.com,San Diego,USA,2.0,Yes,No,Yes
0818,Alexander Reid,842-314-3728,Alexander.Reid@example.com,Montreal,Canada,2.0,No,Yes,Yes
0819,Dewey Lucas,323-234-9528,Dewey.Lucas@example.com,San Francisco,USA,1.0,No,Yes,No
0820,Wilbur Hicks,979-216-9924,Wilbur.Hicks@example.com,San Diego,USA,1.0,Yes,No,No
0821,Riley Fletcher,522-750-5985,Riley.Fletcher@example.com,London,United Kingdom,1.0,Yes,No,No
0822,Marissa Hayes,365-359-3043,Marissa.Hayes@example.com,San Francisco,USA,3.0,Yes,Yes,Yes
0823,Juliette Gordon,424-534-2837,Juliette.Gordon@example.com,Chicago,USA,2.0,Yes,No,Yes
0824,Dan Bates,944-189-5693,Dan.Bates@example.com,San Francisco,USA,1.0,No,No,Yes
0825,Chiara Ho,279-331-5254,Chiara.Ho@example.com,Montreal,Canada,1.0,No,Yes,No
0826,Sinead Montes,711-829-6800,Sinead.Montes@example.com,New York,USA,1.0,Yes,No,No
0827,Laurence Graves,609-435-5709,Laurence.Graves@example.com,Los Angeles,USA,1.0,No,No,Yes
0828,Nora Donaldson,414-618-5713,Nora.Donaldson@example.com,San Diego,USA,3.0,Yes,Yes,Yes
0829,Ismaeel Schmidt,110-478-3409,Ismaeel.Schmidt@example.com,Los Angeles,USA,1.0,No,Yes,No
0830,Adem Mccoy,885-779-4082,Adem.Mccoy@example.com,San Francisco,USA,3.0,Yes,Yes,Yes
0831,Angel Browning,768-205-1455,Angel.Browning@example.com,Los Angeles,USA,1.0,No,No,Yes
0832,Mabel Foley,417-857-9143,Mabel.Foley@example.com,New York,USA,1.0,No,No,Yes
0833,Hayley Montoya,672-566-6794,Hayley.Montoya@example.com,New York,USA,1.0,No,No,Yes
0834,Arnold Spencer,962-701-8237,Arnold.Spencer@example.com,San Francisco,USA,2.0,No,Yes,Yes
0835,Russell Carlson,635-758-7564,Russell.Carlson@example.com,San Francisco,USA,2.0,Yes,No,Yes
0836,Sasha Ponce,746-650-5343,Sasha.Ponce@example.com,New York,USA,2.0,Yes,Yes,No
0837,Izaak Welsh,280-473-9965,Izaak.Welsh@example.com,Los Angeles,USA,3.0,Yes,Yes,Yes
0838,Aisha Sosa,964-448-9785,Aisha.Sosa@example.com,New York,USA,1.0,No,Yes,No
0839,Keeley Mills,123-972-2938,Keeley.Mills@example.com,New York,USA,1.0,No,No,Yes
0840,Mason Kelley,185-970-1196,Mason.Kelley@example.com,San Francisco,USA,2.0,Yes,No,Yes
0841,Khalid Davies,191-582-9251,Khalid.Davies@example.com,San Francisco,USA,1.0,No,No,Yes
0842,Nancy Blair,434-174-7916,Nancy.Blair@example.com,Toronto,Canada,2.0,No,Yes,Yes
0844,Marnie Sheppard,576-261-4653,Marnie.Sheppard@example.com,Los Angeles,USA,1.0,No,No,Yes
0845,Valerie Bright,838-333-3237,Valerie.Bright@example.com,Los Angeles,USA,1.0,No,Yes,No
0846,John Mason,768-888-3211,John.Mason@example.com,San Diego,USA,2.0,Yes,No,Yes
0847,Hamish Khan,609-154-4773,Hamish.Khan@example.com,Los Angeles,USA,1.0,No,No,Yes
0848,Charis Bray,175-925-8526,Charis.Bray@example.com,Los Angeles,USA,2.0,Yes,No,Yes
0849,Soraya Bradford,951-513-3667,Soraya.Bradford@example.com,Chicago,USA,1.0,No,No,Yes
0850,Taylor Woods,294-365-8364,Taylor.Woods@example.com,Chicago,USA,3.0,Yes,Yes,Yes
0851,Eshal Carpenter,918-191-3394,Eshal.Carpenter@example.com,Chicago,USA,2.0,Yes,No,Yes
0852,Evelyn Cross,312-643-8868,Evelyn.Cross@example.com,San Francisco,USA,1.0,No,Yes,No
0853,Chester Bell,501-541-1518,Chester.Bell@example.com,New York,USA,1.0,No,Yes,No
0854,Ffion Knight,233-159-4158,Ffion.Knight@example.com,San Diego,USA,1.0,No,Yes,No
0855,Yaseen Kennedy,778-172-1502,Yaseen.Kennedy@example.com,Chicago,USA,3.0,Yes,Yes,Yes
0856,Maisie Cunningham,389-110-9784,Maisie.Cunningham@example.com,Los Angeles,USA,2.0,No,Yes,Yes
0857,Clementine Beck,607-793-6646,Clementine.Beck@example.com,San Diego,USA,2.0,No,Yes,Yes
0859,Sameer Watkins,982-313-9358,Sameer.Watkins@example.com,Montreal,Canada,1.0,No,No,Yes
0860,Anton Hartman,708-986-9234,Anton.Hartman@example.com,London,United Kingdom,3.0,Yes,Yes,Yes
0861,Deacon Boone,950-335-6994,Deacon.Boone@example.com,New York,USA,3.0,Yes,Yes,Yes
0862,Alexandros Ryan,849-570-8792,Alexandros.Ryan@example.com,Los Angeles,USA,3.0,Yes,Yes,Yes
0863,Mya Delgado,760-931-9269,Mya.Delgado@example.com,London,United Kingdom,1.0,No,Yes,No
0864,Asia Holloway,512-876-7834,Asia.Holloway@example.com,Los Angeles,USA,1.0,No,No,Yes
0865,Christina Blanchard,420-887-3636,Christina.Blanchard@example.com,New York,USA,1.0,No,No,Yes
0866,Emelia Bridges,347-640-5509,Emelia.Bridges@example.com,San Diego,USA,2.0,Yes,No,Yes
0867,Ioan Harrington,803-120-2281,Ioan.Harrington@example.com,San Diego,USA,1.0,No,Yes,No
0868,Cecilia David,919-925-5280,Cecilia.David@example.com,New York,USA,3.0,Yes,Yes,Yes
0870,Stacey Manning,981-952-6391,Stacey.Manning@example.com,Los Angeles,USA,1.0,Yes,No,No
0871,Ronnie Burch,184-620-1928,Ronnie.Burch@example.com,San Diego,USA,2.0,No,Yes,Yes
0873,Luke Graham,132-159-2485,Luke.Graham@example.com,San Diego,USA,1.0,Yes,No,No
0874,Alasdair Mckinney,608-300-8331,Alasdair.Mckinney@example.com,Montreal,Canada,2.0,Yes,No,Yes
0875,Cayden Walls,355-649-8007,Cayden.Walls@example.com,San Francisco,USA,2.0,Yes,No,Yes
0876,Serena Lewis,730-187-7131,Serena.Lewis@example.com,Montreal,Canada,3.0,Yes,Yes,Yes
0877,Drew Orozco,531-709-2553,Drew.Orozco@example.com,San Diego,USA,1.0,No,Yes,No
0878,Mateo Francis,508-390-8347,Mateo.Francis@example.com,Los Angeles,USA,1.0,No,Yes,No
0879,Lucy Fuentes,427-948-5524,Lucy.Fuentes@example.com,New York,USA,2.0,Yes,No,Yes
0880,Pippa Harding,419-183-4778,Pippa.Harding@example.com,Chicago,USA,1.0,No,No,Yes
0881,Kathleen Carter,210-798-9930,Kathleen.Carter@example.com,San Francisco,USA,1.0,No,Yes,No
0882,Josie Holt,745-483-6160,Josie.Holt@example.com,Los Angeles,USA,1.0,No,No,Yes
0883,Daniela James,716-145-3987,Daniela.James@example.com,San Francisco,USA,1.0,No,Yes,No
0884,Randy Sparks,339-468-1078,Randy.Sparks@example.com,New York,USA,1.0,No,Yes,No
0885,Omar Ashley,156-912-7263,Omar.Ashley@example.com,Los Angeles,USA,1.0,No,Yes,No
0886,Zachary Lawson,655-475-1852,Zachary.Lawson@example.com,San Diego,USA,1.0,No,No,Yes
0887,Samson Berger,815-817-9902,Samson.Berger@example.com,San Francisco,USA,3.0,Yes,Yes,Yes
0888,Liana Baldwin,736-366-9050,Liana.Baldwin@example.com,San Diego,USA,1.0,Yes,No,No
0889,Lucas Mcdowell,841-580-6320,Lucas.Mcdowell@example.com,Chicago,USA,2.0,Yes,No,Yes
0890,Ahmad Landry,207-841-9893,Ahmad.Landry@example.com,Los Angeles,USA,1.0,No,No,Yes
0891,Cordelia Serrano,950-319-1013,Cordelia.Serrano@example.com,London,United Kingdom,2.0,Yes,No,Yes
0892,Sydney Pratt,297-838-1084,Sydney.Pratt@example.com,Toronto,Canada,2.0,No,Yes,Yes
0893,Benjamin Riddle,835-645-8652,Benjamin.Riddle@example.com,Toronto,Canada,2.0,Yes,No,Yes
0894,Kyran Foster,362-464-9875,Kyran.Foster@example.com,Chicago,USA,2.0,No,Yes,Yes
0895,Kamil Guzman,641-829-6099,Kamil.Guzman@example.com,San Francisco,USA,2.0,No,Yes,Yes
0896,Jordanne Juarez,376-601-8743,Jordanne.Juarez@example.com,San Francisco,USA,1.0,No,Yes,No
0897,Zoe Decker,197-454-9658,Zoe.Decker@example.com,Los Angeles,USA,2.0,No,Yes,Yes
0899,Frankie Jenkins,301-409-5419,Frankie.Jenkins@example.com,San Francisco,USA,1.0,No,No,Yes
0900,Zane Oconnor,108-772-5524,Zane.Oconnor@example.com,Chicago,USA,1.0,No,No,Yes
0901,Lily-May Horne,564-761-8451,Lily-May.Horne@example.com,Los Angeles,USA,1.0,No,Yes,No
0902,Mitchell Murray,939-709-6815,Mitchell.Murray@example.com,San Francisco,USA,2.0,Yes,Yes,No
0903,Dominik Velez,149-740-6115,Dominik.Velez@example.com,San Francisco,USA,2.0,Yes,Yes,No
0905,Cory Case,406-161-3681,Cory.Case@example.com,London,United Kingdom,1.0,Yes,No,No
0907,Samia Bradley,363-816-6259,Samia.Bradley@example.com,San Diego,USA,2.0,No,Yes,Yes
0908,Nataniel Glenn,504-112-5228,Nataniel.Glenn@example.com,Los Angeles,USA,3.0,Yes,Yes,Yes
0909,Tyler Vasquez,899-668-7177,Tyler.Vasquez@example.com,London,United Kingdom,1.0,No,Yes,No
0910,Everly Chaney,184-294-5435,Everly.Chaney@example.com,San Francisco,USA,1.0,No,No,Yes
0911,Sapphire Lane,847-138-8647,Sapphire.Lane@example.com,Chicago,USA,2.0,Yes,Yes,No
0912,Junaid Fletcher,677-571-4277,Junaid.Fletcher@example.com,Los Angeles,USA,2.0,No,Yes,Yes
0913,Ricardo Odling,218-272-9415,Ricardo.Odling@example.com,New York,USA,2.0,Yes,Yes,No
0914,Nancy Sharp,723-866-1140,Nancy.Sharp@example.com,Los Angeles,USA,1.0,No,No,Yes
0915,Barry Buck,667-391-6777,Barry.Buck@example.com,San Francisco,USA,3.0,Yes,Yes,Yes
0916,Mya Ho,448-770-8204,Mya.Ho@example.com,San Francisco,USA,2.0,No,Yes,Yes
0917,Carol Russo,192-156-9508,Carol.Russo@example.com,Toronto,Canada,2.0,Yes,No,Yes
0918,William Franco,196-468-3312,William.Franco@example.com,Toronto,Canada,2.0,Yes,Yes,No
0919,Ayesha Underwood,687-284-9762,Ayesha.Underwood@example.com,San Francisco,USA,3.0,Yes,Yes,Yes
0920,Kamil Bernard,400-528-1349,Kamil.Bernard@example.com,San Francisco,USA,1.0,No,No,Yes
0921,Hollie Escobar,978-312-6279,Hollie.Escobar@example.com,London,United Kingdom,3.0,Yes,Yes,Yes
0923,Russell Long,399-959-7203,Russell.Long@example.com,Montreal,Canada,3.0,Yes,Yes,Yes
0924,Kendra Francis,680-603-3144,Kendra.Francis@example.com,San Francisco,USA,1.0,Yes,No,No
0925,Yasmine Scott,300-321-6761,Yasmine.Scott@example.com,San Diego,USA,1.0,No,No,Yes
0926,Ann John,814-362-6094,Ann.John@example.com,San Francisco,USA,2.0,No,Yes,Yes
0927,Alejandro Kent,915-320-3214,Alejandro.Kent@example.com,Chicago,USA,2.0,Yes,Yes,No
0928,Hanna Knight,249-198-1689,Hanna.Knight@example.com,San Diego,USA,2.0,Yes,Yes,No
0929,Alannah Perkins,705-521-6039,Alannah.Perkins@example.com,Chicago,USA,2.0,Yes,Yes,No
0930,Christina Mays,333-143-8841,Christina.Mays@example.com,San Francisco,USA,2.0,Yes,No,Yes
0931,Tori Rowland,372-470-9101,Tori.Rowland@example.com,San Diego,USA,2.0,Yes,Yes,No
0932,Ayden Valentine,208-392-1702,Ayden.Valentine@example.com,San Francisco,USA,2.0,Yes,No,Yes
0933,Kaine Blankenship,294-274-7917,Kaine.Blankenship@example.com,San Diego,USA,2.0,Yes,Yes,No
0934,Alessandro French,216-516-1958,Alessandro.French@example.com,San Diego,USA,2.0,Yes,No,Yes
0935,Chloe Mullen,723-357-7363,Chloe.Mullen@example.com,New York,USA,1.0,Yes,No,No
0936,Ted Wiggins,153-176-3641,Ted.Wiggins@example.com,San Diego,USA,1.0,Yes,No,No
0937,Nina Mathews,863-385-2205,Nina.Mathews@example.com,New York,USA,1.0,No,Yes,No
0938,Alisha Hoover,500-251-7080,Alisha.Hoover@example.com,San Diego,USA,1.0,Yes,No,No
0939,Alyssa Bradshaw,606-353-8050,Alyssa.Bradshaw@example.com,San Diego,USA,2.0,Yes,No,Yes
0940,Marilyn Hart,635-581-5074,Marilyn.Hart@example.com,Los Angeles,USA,3.0,Yes,Yes,Yes
0941,Connor Neal,189-827-7386,Connor.Neal@example.com,Chicago,USA,2.0,Yes,No,Yes
0942,Cai Rowe,263-391-9368,Cai.Rowe@example.com,New York,USA,2.0,Yes,No,Yes
0943,Delores Carroll,778-532-2184,Delores.Carroll@example.com,Chicago,USA,1.0,No,Yes,No
0944,Hiba Hicks,640-390-3390,Hiba.Hicks@example.com,Chicago,USA,2.0,Yes,Yes,No
0945,Elisha Owens,195-699-1871,Elisha.Owens@example.com,Los Angeles,USA,1.0,No,Yes,No
0946,Lacie Mayer,412-562-8215,Lacie.Mayer@example.com,Toronto,Canada,2.0,Yes,Yes,No
0947,Isra Burgess,142-470-3907,Isra.Burgess@example.com,San Diego,USA,2.0,Yes,No,Yes
0948,Kobe Knapp,911-288-9695,Kobe.Knapp@example.com,Los Angeles,USA,2.0,No,Yes,Yes
0949,Sufyaan Villanueva,882-282-1419,Sufyaan.Villanueva@example.com,Toronto,Canada,1.0,Yes,No,No
0950,Meredith Reyes,680-737-7650,Meredith.Reyes@example.com,New York,USA,1.0,Yes,No,No
0951,Chelsea Proctor,256-560-3458,Chelsea.Proctor@example.com,Chicago,USA,1.0,No,No,Yes
0952,Humaira Quinn,623-887-1255,Humaira.Quinn@example.com,London,United Kingdom,1.0,No,No,Yes
0953,Zaynab Davila,767-906-5124,Zaynab.Davila@example.com,Toronto,Canada,1.0,No,Yes,No
0954,Aston Villegas,553-640-6714,Aston.Villegas@example.com,Los Angeles,USA,2.0,Yes,No,Yes
0955,Stuart Clements,104-221-4124,Stuart.Clements@example.com,New York,USA,3.0,Yes,Yes,Yes
0956,Zakariya Stuart,192-776-4957,Zakariya.Stuart@example.com,Los Angeles,USA,1.0,No,No,Yes
0957,Effie Jordan,778-566-2709,Effie.Jordan@example.com,San Francisco,USA,2.0,No,Yes,Yes
0958,Luna Fowler,137-365-6816,Luna.Fowler@example.com,Los Angeles,USA,3.0,Yes,Yes,Yes
0959,Haydn Contreras,694-921-2135,Haydn.Contreras@example.com,Chicago,USA,2.0,No,Yes,Yes
0960,Lewis Mcmahon,682-426-4872,Lewis.Mcmahon@example.com,San Francisco,USA,1.0,Yes,No,No
0961,Tobias Schultz,995-854-2821,Tobias.Schultz@example.com,Los Angeles,USA,2.0,No,Yes,Yes
0963,Billy Norton,816-614-5153,Billy.Norton@example.com,Chicago,USA,1.0,Yes,No,No
0964,Colby Harding,584-554-7060,Colby.Harding@example.com,San Francisco,USA,3.0,Yes,Yes,Yes
0965,Renee Arroyo,706-663-4493,Renee.Arroyo@example.com,Los Angeles,USA,2.0,No,Yes,Yes
0966,Marjorie Munoz,385-637-4138,Marjorie.Munoz@example.com,Los Angeles,USA,1.0,Yes,No,No
0967,Emilio Stevenson,293-399-2353,Emilio.Stevenson@example.com,Toronto,Canada,1.0,Yes,No,No
0968,Roosevelt Huff,348-716-1274,Roosevelt.Huff@example.com,New York,USA,2.0,Yes,No,Yes
0969,Layla Roth,812-207-8855,Layla.Roth@example.com,Montreal,Canada,2.0,Yes,Yes,No
0970,Qasim Bullock,392-468-4297,Qasim.Bullock@example.com,Chicago,USA,3.0,Yes,Yes,Yes
0971,Kyran Duncan,433-632-3326,Kyran.Duncan@example.com,New York,USA,2.0,Yes,No,Yes
0972,Rhiannon Vaughan,206-626-6238,Rhiannon.Vaughan@example.com,Chicago,USA,2.0,Yes,Yes,No
0973,Jean Winters,526-938-2752,Jean.Winters@example.com,San Diego,USA,2.0,Yes,No,Yes
0974,Jared Hamilton,642-707-7765,Jared.Hamilton@example.com,New York,USA,1.0,Yes,No,No
0975,Zachary Rubio,971-477-1542,Zachary.Rubio@example.com,Montreal,Canada,3.0,Yes,Yes,Yes
0976,Marnie Mayo,725-331-2757,Marnie.Mayo@example.com,San Diego,USA,1.0,Yes,No,No
0978,Zain Haney,206-514-3761,Zain.Haney@example.com,New York,USA,1.0,No,No,Yes
0979,Myrtle Bradford,960-593-3677,Myrtle.Bradford@example.com,San Diego,USA,2.0,Yes,Yes,No
0980,Kacie Lester,673-651-6332,Kacie.Lester@example.com,Toronto,Canada,1.0,Yes,No,No
0981,Gwen Norris,699-606-9952,Gwen.Norris@example.com,San Diego,USA,2.0,Yes,Yes,No
0982,Myles Sharpe,420-682-4722,Myles.Sharpe@example.com,Toronto,Canada,1.0,No,Yes,No
0983,Nicola Davenport,335-679-5225,Nicola.Davenport@example.com,Toronto,Canada,2.0,No,Yes,Yes
0984,Adrian Joseph,808-456-6071,Adrian.Joseph@example.com,Chicago,USA,3.0,Yes,Yes,Yes
0985,Lloyd Robbins,603-494-3648,Lloyd.Robbins@example.com,London,United Kingdom,2.0,No,Yes,Yes
0986,Rosanna Dyer,512-600-6692,Rosanna.Dyer@example.com,Los Angeles,USA,1.0,No,Yes,No
0988,Cain Robertson,375-525-5823,Cain.Robertson@example.com,New York,USA,2.0,No,Yes,Yes
0989,Leyla Finley,743-377-7767,Leyla.Finley@example.com,New York,USA,2.0,No,Yes,Yes
0990,Juliette Luna,782-806-6417,Juliette.Luna@example.com,New York,USA,1.0,No,Yes,No
0991,Marion Webster,169-218-9165,Marion.Webster@example.com,Toronto,Canada,2.0,No,Yes,Yes
0992,Sebastian Pierce,947-717-1440,Sebastian.Pierce@example.com,Chicago,USA,3.0,Yes,Yes,Yes
0993,Jayson Sutton,289-775-9088,Jayson.Sutton@example.com,Montreal,Canada,2.0,No,Yes,Yes
0994,Inaaya Bruce,780-773-8755,Inaaya.Bruce@example.com,London,United Kingdom,2.0,Yes,No,Yes
0995,Raja Reeves,990-569-7356,Raja.Reeves@example.com,Montreal,Canada,2.0,Yes,Yes,No
0996,Maria Stephens,798-578-4631,Maria.Stephens@example.com,Toronto,Canada,2.0,Yes,Yes,No
0997,Sam Arias,415-467-1137,Sam.Arias@example.com,Chicago,USA,1.0,No,Yes,No
0998,Fatimah Johns,520-433-7411,Fatimah.Johns@example.com,London,United Kingdom,1.0,No,Yes,No
0999,Ada Reid,958-944-9616,Ada.Reid@example.com,Chicago,USA,3.0,Yes,Yes,Yes
1000,Simeon Mccall,135-125-7738,Simeon.Mccall@example.com,San Francisco,USA,2.0,Yes,No,Yes
0005,Beatrix Everett,194-640-2758,Beatrix.Everett@example.com,Paris,France,,Yes,No,No
0024,Isabelle Lopez,981-878-3234,Isabelle.Lopez@example.com,Paris,France,,Yes,Yes,No
0026,Julius Garrett,866-664-7969,Julius.Garrett@example.com,Barcelona,Spain,,Yes,Yes,Yes
0029,Dafydd Preston,368-987-3267,Dafydd.Preston@example.com,Barcelona,Spain,,Yes,Yes,Yes
0033,Louise Daniel,917-348-4728,Louise.Daniel@example.com,Barcelona,Spain,,Yes,Yes,No
0039,Keyaan Holland,845-797-2979,Keyaan.Holland@example.com,Barcelona,Spain,,Yes,Yes,No
0068,Saif Green,978-659-7286,Saif.Green@example.com,Paris,France,,No,Yes,No
0073,Kara Stewart,794-314-2500,Kara.Stewart@example.com,Paris,France,,Yes,Yes,No
0117,Priya Moore,455-692-4736,Priya.Moore@example.com,Paris,France,,No,No,Yes
0119,Arron Peck,226-392-7970,Arron.Peck@example.com,Paris,France,,Yes,Yes,No
0120,Justin Rowland,665-725-2354,Justin.Rowland@example.com,Paris,France,,Yes,Yes,No
0125,Nora Ball,921-528-9551,Nora.Ball@example.com,Barcelona,Spain,,No,No,Yes
0142,Everly Fuentes,398-369-8927,Everly.Fuentes@example.com,Barcelona,Spain,,Yes,No,No
0173,Enya Hernandez,406-397-1498,Enya.Hernandez@example.com,Barcelona,Spain,,No,Yes,No
0218,Tony Shepard,416-772-8288,Tony.Shepard@example.com,Barcelona,Spain,,No,Yes,No
0222,Sonia Lowe,418-550-4001,Sonia.Lowe@example.com,Paris,France,,Yes,No,No
0228,Ned Rowland,400-103-9062,Ned.Rowland@example.com,Paris,France,,No,Yes,No
0261,Dulcie Melendez,659-843-5422,Dulcie.Melendez@example.com,Barcelona,Spain,,Yes,No,Yes
0271,Princess Schneider,683-604-6287,Princess.Schneider@example.com,Paris,France,,Yes,No,Yes
0281,Rosa Stone,922-216-4141,Rosa.Stone@example.com,Paris,France,,No,Yes,No
0330,Abubakar Shaffer,404-849-9394,Abubakar.Shaffer@example.com,Barcelona,Spain,,Yes,No,No
0338,Patricia John,338-345-6084,Patricia.John@example.com,Barcelona,Spain,,No,No,Yes
0344,Randy Edwards,935-107-2953,Randy.Edwards@example.com,Barcelona,Spain,,No,Yes,No
0358,Sadie Hammond,799-609-4421,Sadie.Hammond@example.com,Barcelona,Spain,,Yes,Yes,No
0360,Judy Clayton,757-533-4647,Judy.Clayton@example.com,Paris,France,,Yes,Yes,No
0379,Leanne Cordova,514-225-7453,Leanne.Cordova@example.com,Paris,France,,No,No,Yes
0393,Timothy Jacobs,105-356-5519,Timothy.Jacobs@example.com,Barcelona,Spain,,Yes,No,Yes
0403,Tariq Holman,734-647-8275,Tariq.Holman@example.com,Paris,France,,No,Yes,Yes
0412,Omar Clements,998-234-1057,Omar.Clements@example.com,Barcelona,Spain,,No,No,Yes
0427,Lola Vaughan,722-400-6707,Lola.Vaughan@example.com,Paris,France,,No,No,Yes
0448,Amna Garner,157-518-8037,Amna.Garner@example.com,Paris,France,,Yes,Yes,Yes
0450,Rio Suarez,304-182-8487,Rio.Suarez@example.com,Paris,France,,No,Yes,Yes
0465,Karen Robles,144-367-7871,Karen.Robles@example.com,Barcelona,Spain,,No,No,Yes
0468,Cassie Gaines,496-692-2413,Cassie.Gaines@example.com,Paris,France,,No,Yes,Yes
0474,Willard Gray,894-914-4304,Willard.Gray@example.com,Paris,France,,Yes,Yes,Yes
0475,Sophie Lindsey,392-864-7558,Sophie.Lindsey@example.com,Paris,France,,No,No,Yes
0477,Dillon Cisneros,304-384-6230,Dillon.Cisneros@example.com,Paris,France,,Yes,Yes,Yes
0488,Jenson Carlson,282-249-3068,Jenson.Carlson@example.com,Paris,France,,Yes,Yes,Yes
0500,Alexandra Young,425-414-7823,Alexandra.Young@example.com,Barcelona,Spain,,Yes,No,Yes
0552,Daniel Reid,753-936-1634,Daniel.Reid@example.com,Paris,France,,Yes,No,No
0574,Kevin Sherman,185-617-6120,Kevin.Sherman@example.com,Barcelona,Spain,,No,Yes,No
0580,Aayan Donovan,476-401-9860,Aayan.Donovan@example.com,Paris,France,,Yes,No,Yes
0609,Taylor Leon,857-418-9149,Taylor.Leon@example.com,Paris,France,,Yes,No,No
0614,Ibrahim Robertson,603-299-3596,Ibrahim.Robertson@example.com,Barcelona,Spain,,Yes,Yes,Yes
0628,Nancy Stuart,301-686-1705,Nancy.Stuart@example.com,Paris,France,,No,Yes,No
0649,Zaynah Wong,597-835-8978,Zaynah.Wong@example.com,Paris,France,,Yes,Yes,No
0650,Cormac Greer,722-120-7628,Cormac.Greer@example.com,Paris,France,,No,Yes,Yes
0691,Brett Landry,213-171-7560,Brett.Landry@example.com,Barcelona,Spain,,No,Yes,No
0707,Muhammad Henry,298-612-6847,Muhammad.Henry@example.com,Paris,France,,Yes,Yes,Yes
0715,Oliver Garner,937-976-2511,Oliver.Garner@example.com,Paris,France,,No,Yes,Yes
0736,Chantelle Holt,256-585-1002,Chantelle.Holt@example.com,Paris,France,,Yes,No,Yes
0741,Millicent Solomon,597-434-8108,Millicent.Solomon@example.com,Paris,France,,No,Yes,Yes
0759,Martina Steele,349-841-5113,Martina.Steele@example.com,Paris,France,,No,No,Yes
0785,Kara Shelton,837-651-6819,Kara.Shelton@example.com,Paris,France,,Yes,Yes,Yes
0788,Ted Eaton,534-915-3617,Ted.Eaton@example.com,Paris,France,,No,No,Yes
0798,Brenda Deleon,997-981-2043,Brenda.Deleon@example.com,Paris,France,,No,Yes,No
0816,Albie Larson,252-910-3152,Albie.Larson@example.com,Barcelona,Spain,,Yes,Yes,No
0843,Tiffany Griffith,201-302-5165,Tiffany.Griffith@example.com,Paris,France,,Yes,No,No
0858,Simon Santiago,471-290-4198,Simon.Santiago@example.com,Paris,France,,Yes,No,Yes
0869,Bibi Weaver,956-787-2725,Bibi.Weaver@example.com,Paris,France,,Yes,Yes,No
0872,Tomasz Baker,778-642-7614,Tomasz.Baker@example.com,Barcelona,Spain,,Yes,No,Yes
0898,Alana Koch,576-828-7913,Alana.Koch@example.com,Barcelona,Spain,,No,Yes,Yes
0904,Martin Perry,586-420-6418,Martin.Perry@example.com,Paris,France,,Yes,Yes,No
0906,Astrid Miles,473-411-8478,Astrid.Miles@example.com,Paris,France,,No,Yes,Yes
0922,Luisa Haley,916-879-3164,Luisa.Haley@example.com,Barcelona,Spain,,No,Yes,Yes
0962,Isobella Gilbert,717-961-9368,Isobella.Gilbert@example.com,Barcelona,Spain,,Yes,No,Yes
0977,Anita Skinner,885-134-1740,Anita.Skinner@example.com,Barcelona,Spain,,Yes,Yes,No
0987,Caitlyn Lawson,470-723-2187,Caitlyn.Lawson@example.com,Paris,France,,No,Yes,Yes
