id,first_name,last_name,telephone,email,dob,city,country,android,iphone,desktop
1,Jamie,Bright,533-849-3913,Jamie.Bright@example.com,2000-05-20,Montreal,Canada,True,True,True
2,Arabella,Knox,652-272-9539,Arabella.Knox@example.com,1996-02-22,Los Angeles,USA,True,True,True
3,Yusra,Fletcher,385-702-8874,Yusra.Fletcher@example.com,1998-10-30,Toronto,Canada,True,True,True
4,Esme,Nielsen,621-797-5367,Esme.Nielsen@example.com,2000-02-17,Los Angeles,USA,True,True,True
5,Beatrix,Everett,194-640-2758,Beatrix.Everett@example.com,1984-08-14,Paris,France,True,False,False
6,Dean,Lewis,243-955-3782,Dean.Lewis@example.com,2000-10-14,San Diego,USA,True,True,True
7,Inaaya,Velasquez,489-241-7631,Inaaya.Velasquez@example.com,1987-04-23,Los Angeles,USA,True,True,True
8,Tasnim,Cobb,262-380-8877,Tasnim.Cobb@example.com,1992-01-04,San Diego,USA,True,True,True
9,Asa,Vazquez,504-421-4485,Asa.Vazquez@example.com,2004-06-23,Toronto,Canada,True,True,True
10,Keith,Donovan,549-515-6738,Keith.Donovan@example.com,1994-06-22,Chicago,USA,True,True,True
11,Moshe,Colon,131-622-5442,Moshe.Colon@example.com,1988-02-19,New York,USA,True,True,True
12,Hussain,Santos,379-352-6285,Hussain.Santos@example.com,1989-11-06,San Diego,USA,True,True,True
13,Lillian,Hanna,488-762-8236,Lillian.Hanna@example.com,1999-08-24,Los Angeles,USA,True,True,True
14,Harvey,Guerrero,597-677-6862,Harvey.Guerrero@example.com,1988-02-10,Chicago,USA,True,True,True
15,Leroy,Barrera,659-190-9378,Leroy.Barrera@example.com,1989-10-23,New York,USA,True,True,True
16,Zack,Griffin,467-370-7724,Zack.Griffin@example.com,1998-01-24,San Diego,USA,True,True,True
17,Adele,Garza,429-916-1662,Adele.Garza@example.com,1991-02-10,New York,USA,True,True,True
18,Sandra,Cherry,218-605-4170,Sandra.Cherry@example.com,1972-05-22,San Francisco,USA,True,True,True
19,Carmen,Burton,527-368-7429,Carmen.Burton@example.com,1989-03-25,Toronto,Canada,True,True,True
20,Donald,Stone,730-260-4630,Donald.Stone@example.com,1994-12-10,London,United Kingdom,True,True,True
21,Clifford,Mcgee,715-116-6302,Clifford.Mcgee@example.com,1998-11-08,San Francisco,USA,True,True,True
22,Gerald,Maldonado,660-116-3336,Gerald.Maldonado@example.com,1993-03-25,San Francisco,USA,True,True,True
23,Danielle,Glenn,727-709-3351,Danielle.Glenn@example.com,1992-11-23,San Francisco,USA,True,True,True
24,Isabelle,Lopez,981-878-3234,Isabelle.Lopez@example.com,1966-07-09,Paris,France,True,True,False
25,Alina,Mccoy,495-292-8149,Alina.Mccoy@example.com,1993-12-17,San Francisco,USA,True,True,True
26,Julius,Garrett,866-664-7969,Julius.Garrett@example.com,1963-04-10,Barcelona,Spain,True,True,True
27,Frazer,Anthony,139-396-1336,Frazer.Anthony@example.com,1999-04-28,New York,USA,True,True,True
28,Cassie,Molina,811-806-5304,Cassie.Molina@example.com,1972-05-17,San Francisco,USA,True,True,True
29,Dafydd,Preston,368-987-3267,Dafydd.Preston@example.com,1977-07-20,Barcelona,Spain,True,True,True
30,Stephanie,Rice,830-901-9870,Stephanie.Rice@example.com,1990-04-19,Montreal,Canada,True,True,True
31,Bradley,Butler,937-172-2269,Bradley.Butler@example.com,1988-11-25,Montreal,Canada,True,True,True
32,Alejandro,Brandt,334-279-1420,Alejandro.Brandt@example.com,1992-03-12,New York,USA,True,True,True
33,Louise,Daniel,917-348-4728,Louise.Daniel@example.com,1976-04-18,Barcelona,Spain,True,True,False
34,Livia,Howe,868-828-4315,Livia.Howe@example.com,1992-10-26,Toronto,Canada,True,True,True
35,Linda,Combs,742-395-8995,Linda.Combs@example.com,1988-07-04,Los Angeles,USA,True,True,True
36,Dominik,Odling,365-145-3897,Dominik.Odling@example.com,1996-09-17,Los Angeles,USA,True,True,True
37,Lili,Schroeder,640-348-2128,Lili.Schroeder@example.com,1999-02-26,Toronto,Canada,True,True,True
38,Jeremiah,Martin,277-350-5557,Jeremiah.Martin@example.com,1995-12-15,London,United Kingdom,True,True,True
39,Keyaan,Holland,845-797-2979,Keyaan.Holland@example.com,1974-10-31,Barcelona,Spain,True,True,False
40,Clara,Bird,958-605-3200,Clara.Bird@example.com,1998-07-17,San Francisco,USA,True,True,True
41,Cody,Riley,872-906-9681,Cody.Riley@example.com,1986-09-28,London,United Kingdom,True,True,True
42,Tomas,Griffith,492-337-4468,Tomas.Griffith@example.com,2000-12-14,London,United Kingdom,True,True,True
43,Elena,Pineda,617-226-9486,Elena.Pineda@example.com,1967-05-17,Los Angeles,USA,True,True,True
44,Diana,Davenport,505-179-8348,Diana.Davenport@example.com,2005-08-11,Los Angeles,USA,True,True,True
45,Cordelia,Houston,946-560-7738,Cordelia.Houston@example.com,2000-05-14,San Francisco,USA,True,True,True
46,Abubakar,House,713-179-2294,Abubakar.House@example.com,1968-02-24,San Diego,USA,True,True,True
47,Celia,Terry,986-149-3342,Celia.Terry@example.com,2002-09-17,New York,USA,True,True,True
48,Esther,Mccall,573-696-6671,Esther.Mccall@example.com,1996-07-10,Los Angeles,USA,True,True,True
49,Idris,Proctor,584-182-6496,Idris.Proctor@example.com,1960-09-28,San Diego,USA,True,True,True
50,Bruno,Noble,639-790-8394,Bruno.Noble@example.com,1969-01-10,San Diego,USA,True,True,True
51,Herman,Munoz,689-881-9382,Herman.Munoz@example.com,1989-06-07,Los Angeles,USA,True,True,True
52,Amaan,Rangel,837-435-2302,Amaan.Rangel@example.com,1993-10-18,Montreal,Canada,True,True,True
53,Prince,Thompson,115-215-7565,Prince.Thompson@example.com,2004-02-05,Chicago,USA,True,True,True
54,Bethany,Santana,924-146-4189,Bethany.Santana@example.com,1980-03-06,New York,USA,True,True,True
55,Ernest,Martinez,448-597-4211,Ernest.Martinez@example.com,1995-05-16,San Diego,USA,True,True,True
56,Susannah,O'Doherty,981-489-3689,Susannah.O'Doherty@example.com,1987-04-19,Chicago,USA,True,True,True
57,Billie,Price,917-866-8131,Billie.Price@example.com,1962-04-13,London,United Kingdom,True,True,True
58,Orlando,Pitts,427-711-9658,Orlando.Pitts@example.com,2002-11-29,Los Angeles,USA,True,True,True
59,Phoebe,Weiss,299-560-9666,Phoebe.Weiss@example.com,1986-03-03,London,United Kingdom,True,True,True
60,Juanita,Baldwin,989-786-8538,Juanita.Baldwin@example.com,1998-06-23,San Diego,USA,True,True,True
61,Honor,Jacobson,624-535-4606,Honor.Jacobson@example.com,1993-10-29,San Francisco,USA,True,True,True
62,Ty,Mcintyre,743-856-9854,Ty.Mcintyre@example.com,1998-12-29,San Francisco,USA,True,True,True
63,Johnathan,Berger,545-458-1679,Johnathan.Berger@example.com,1993-02-04,San Diego,USA,True,True,True
64,Jason,Snyder,202-632-2346,Jason.Snyder@example.com,1982-09-21,San Francisco,USA,True,True,True
65,Aled,Silva,612-360-5367,Aled.Silva@example.com,1985-04-20,Toronto,Canada,True,True,True
66,Aisha,Webb,447-728-9592,Aisha.Webb@example.com,1985-05-05,San Francisco,USA,True,True,True
67,Dewi,Keith,816-321-4054,Dewi.Keith@example.com,1978-02-18,Chicago,USA,True,True,True
68,Saif,Green,978-659-7286,Saif.Green@example.com,1943-03-03,Paris,France,False,True,False
69,Saoirse,Keller,699-966-4749,Saoirse.Keller@example.com,1987-07-01,San Francisco,USA,True,True,True
70,Valerie,Oneal,651-335-6190,Valerie.Oneal@example.com,1986-01-28,Toronto,Canada,True,True,True
71,Ilyas,Dunlap,491-981-1293,Ilyas.Dunlap@example.com,1997-02-01,London,United Kingdom,True,True,True
72,Kingsley,Moyer,927-708-1141,Kingsley.Moyer@example.com,1990-02-25,San Francisco,USA,True,True,True
73,Kara,Stewart,794-314-2500,Kara.Stewart@example.com,1992-04-21,Paris,France,True,True,False
74,Myrtle,Doyle,525-796-7991,Myrtle.Doyle@example.com,1994-10-02,Toronto,Canada,True,True,True
75,Marjorie,Shields,346-207-2724,Marjorie.Shields@example.com,1987-04-04,San Diego,USA,True,True,True
76,Taha,Casey,581-100-2001,Taha.Casey@example.com,1993-02-08,Los Angeles,USA,True,True,True
77,Cleo,Greer,138-806-4136,Cleo.Greer@example.com,1997-01-26,Los Angeles,USA,True,True,True
78,Angela,Mcmillan,868-463-1850,Angela.Mcmillan@example.com,2000-02-17,London,United Kingdom,True,True,True
79,Vivian,Peterson,598-995-3909,Vivian.Peterson@example.com,1979-07-28,San Francisco,USA,True,True,True
80,Cheryl,Owens,812-775-9881,Cheryl.Owens@example.com,1994-07-25,San Francisco,USA,True,True,True
81,Ahmad,Castro,629-807-5687,Ahmad.Castro@example.com,2007-07-19,San Francisco,USA,True,True,True
82,Casper,Freeman,932-653-8020,Casper.Freeman@example.com,1986-05-27,San Diego,USA,True,True,True
83,Zachery,Brennan,323-591-3874,Zachery.Brennan@example.com,1985-03-21,San Francisco,USA,True,True,True
84,Safia,Ayers,512-649-7865,Safia.Ayers@example.com,1994-01-30,San Francisco,USA,True,True,True
85,Clarence,Hanson,743-908-5464,Clarence.Hanson@example.com,1999-06-10,Chicago,USA,True,True,True
86,Douglas,Browning,247-523-1403,Douglas.Browning@example.com,1985-09-15,New York,USA,True,True,True
87,Rahim,Cuevas,300-879-5941,Rahim.Cuevas@example.com,1983-09-18,Los Angeles,USA,True,True,True
88,Humza,Velez,931-502-4660,Humza.Velez@example.com,1995-02-05,New York,USA,True,True,True
89,Everett,Fitzpatrick,520-305-7264,Everett.Fitzpatrick@example.com,1993-07-26,New York,USA,True,True,True
90,Anas,Blevins,138-515-3364,Anas.Blevins@example.com,1993-10-24,San Diego,USA,True,True,True
91,Amir,Clark,924-287-4068,Amir.Clark@example.com,1998-08-03,London,United Kingdom,True,True,True
92,Mohamed,Barr,604-185-7149,Mohamed.Barr@example.com,1990-05-14,San Francisco,USA,True,True,True
93,Elif,Khan,686-123-8571,Elif.Khan@example.com,1990-05-03,New York,USA,True,True,True
94,Mia,Horne,667-185-1569,Mia.Horne@example.com,1996-12-09,Los Angeles,USA,True,True,True
95,Miles,Fisher,702-511-6770,Miles.Fisher@example.com,1986-06-11,San Diego,USA,True,True,True
96,Nadia,Neal,255-874-4270,Nadia.Neal@example.com,1984-08-22,New York,USA,True,True,True
97,Alastair,Buckley,776-243-3725,Alastair.Buckley@example.com,1997-02-07,San Diego,USA,True,True,True
98,Traci,Banks,313-374-6903,Traci.Banks@example.com,1992-03-08,San Francisco,USA,True,True,True
99,Colby,Hart,900-712-6799,Colby.Hart@example.com,1956-05-05,San Francisco,USA,True,True,True
100,Usman,Swanson,431-103-9132,Usman.Swanson@example.com,1995-08-13,London,United Kingdom,True,True,True
101,Michelle,Love,672-651-8173,Michelle.Love@example.com,1965-12-01,New York,USA,True,True,True
102,Alina,Walls,507-883-4629,Alina.Walls@example.com,1991-12-06,Chicago,USA,True,True,True
103,Caspar,Hudson,830-584-4874,Caspar.Hudson@example.com,1996-05-15,Toronto,Canada,True,True,True
104,Chelsea,Wyatt,750-801-9657,Chelsea.Wyatt@example.com,1997-10-11,San Diego,USA,True,True,True
105,Franklin,Conway,768-545-4465,Franklin.Conway@example.com,1991-11-06,San Diego,USA,True,True,True
106,Ruth,Andrews,159-468-6067,Ruth.Andrews@example.com,1990-04-15,Chicago,USA,True,True,True
107,Polly,Reyes,296-740-3450,Polly.Reyes@example.com,1992-09-15,San Diego,USA,True,True,True
108,Mohsin,Tucker,174-389-8757,Mohsin.Tucker@example.com,1999-02-17,Toronto,Canada,True,True,True
109,Huw,Valentine,441-847-1955,Huw.Valentine@example.com,1992-01-23,Chicago,USA,True,True,True
110,Pearl,Perez,947-926-6369,Pearl.Perez@example.com,1996-11-22,San Francisco,USA,True,True,True
111,Harriett,Mccoy,956-438-3865,Harriett.Mccoy@example.com,2004-10-09,San Francisco,USA,True,True,True
112,Aiden,Galvan,559-282-1575,Aiden.Galvan@example.com,1981-02-08,San Diego,USA,True,True,True
113,Kaan,Miranda,940-569-5175,Kaan.Miranda@example.com,1980-10-06,San Francisco,USA,True,True,True
114,Laurie,Melendez,488-382-1416,Laurie.Melendez@example.com,1989-10-26,Toronto,Canada,True,True,True
115,Tanya,Watson,432-515-4933,Tanya.Watson@example.com,1987-03-07,Montreal,Canada,True,True,True
116,Gerard,Vargas,663-149-3581,Gerard.Vargas@example.com,1989-01-21,San Diego,USA,True,True,True
117,Priya,Moore,455-692-4736,Priya.Moore@example.com,1991-04-27,Paris,France,False,False,True
118,Sean,Bolton,222-241-5406,Sean.Bolton@example.com,2006-12-08,Los Angeles,USA,True,True,True
119,Arron,Peck,226-392-7970,Arron.Peck@example.com,1957-01-14,Paris,France,True,True,False
120,Justin,Rowland,665-725-2354,Justin.Rowland@example.com,1970-10-14,Paris,France,True,True,False
121,Jasper,Brandt,527-756-7352,Jasper.Brandt@example.com,1987-11-14,London,United Kingdom,True,True,True
122,Teresa,Mccarty,223-114-4003,Teresa.Mccarty@example.com,1977-03-25,Toronto,Canada,True,True,True
123,Finnian,Fisher,382-879-9946,Finnian.Fisher@example.com,1956-07-30,Toronto,Canada,True,True,True
124,Carol,York,402-586-5192,Carol.York@example.com,1990-07-30,San Diego,USA,True,True,True
125,Nora,Ball,921-528-9551,Nora.Ball@example.com,1959-12-13,Barcelona,Spain,False,False,True
126,Bessie,Cole,424-390-3432,Bessie.Cole@example.com,1959-05-08,San Diego,USA,True,True,True
127,Zoya,Giles,301-750-7631,Zoya.Giles@example.com,1997-07-15,Toronto,Canada,True,True,True
128,Malik,Cuevas,935-337-2537,Malik.Cuevas@example.com,1977-04-13,San Diego,USA,True,True,True
129,Alejandro,Duncan,487-150-9471,Alejandro.Duncan@example.com,2005-04-27,London,United Kingdom,True,True,True
130,Zohaib,Hartman,928-400-6426,Zohaib.Hartman@example.com,1994-07-24,Montreal,Canada,True,True,True
131,Alivia,Armstrong,398-367-7522,Alivia.Armstrong@example.com,1998-05-23,Chicago,USA,True,True,True
132,Tina,Powell,372-218-6551,Tina.Powell@example.com,1988-12-13,New York,USA,True,True,True
133,Zack,Mcclain,586-280-9496,Zack.Mcclain@example.com,1984-02-29,New York,USA,True,True,True
134,Lydia,Chan,649-585-3076,Lydia.Chan@example.com,2003-05-16,San Francisco,USA,True,True,True
135,Bertie,Ward,971-922-8663,Bertie.Ward@example.com,1987-06-26,Montreal,Canada,True,True,True
136,Hafsah,Booker,731-730-2543,Hafsah.Booker@example.com,2003-09-19,New York,USA,True,True,True
137,India,Simmons,605-920-3435,India.Simmons@example.com,1994-05-11,San Diego,USA,True,True,True
138,Adnan,Allen,561-365-7378,Adnan.Allen@example.com,1987-01-01,Chicago,USA,True,True,True
139,Kamran,Wilcox,476-365-7838,Kamran.Wilcox@example.com,1994-07-06,London,United Kingdom,True,True,True
140,Gary,Hutchinson,245-506-5389,Gary.Hutchinson@example.com,1990-11-16,San Francisco,USA,True,True,True
141,Adriana,Stafford,473-741-6496,Adriana.Stafford@example.com,1997-06-03,Montreal,Canada,True,True,True
142,Everly,Fuentes,398-369-8927,Everly.Fuentes@example.com,2001-07-28,Barcelona,Spain,True,False,False
143,Ian,Ho,586-175-1970,Ian.Ho@example.com,1987-06-17,San Francisco,USA,True,True,True
144,Emelia,Page,929-575-4315,Emelia.Page@example.com,1991-10-11,San Francisco,USA,True,True,True
145,Elijah,Castaneda,354-709-5741,Elijah.Castaneda@example.com,1987-12-07,Chicago,USA,True,True,True
146,Edith,Walker,805-146-4773,Edith.Walker@example.com,1956-03-30,Los Angeles,USA,True,True,True
147,Eleanor,Mcintosh,153-538-3431,Eleanor.Mcintosh@example.com,1991-07-27,Toronto,Canada,True,True,True
148,Maksymilian,Crosby,298-837-9139,Maksymilian.Crosby@example.com,2000-06-04,New York,USA,True,True,True
149,Abdirahman,Mullen,669-442-8257,Abdirahman.Mullen@example.com,1987-10-24,Toronto,Canada,True,True,True
150,Mariah,Castro,866-155-1011,Mariah.Castro@example.com,1990-08-27,New York,USA,True,True,True
151,Laiba,Ingram,780-200-2871,Laiba.Ingram@example.com,1994-09-19,San Diego,USA,True,True,True
152,Matteo,Moon,830-546-5378,Matteo.Moon@example.com,1995-12-04,London,United Kingdom,True,True,True
153,Blaine,Boyer,411-997-1636,Blaine.Boyer@example.com,1990-02-17,London,United Kingdom,True,True,True
154,Thomas,English,891-190-2889,Thomas.English@example.com,1963-06-08,New York,USA,True,True,True
155,Lochlan,Fitzgerald,762-973-4444,Lochlan.Fitzgerald@example.com,1994-03-17,San Francisco,USA,True,True,True
156,Alia,Brooks,327-292-8469,Alia.Brooks@example.com,1993-09-01,Montreal,Canada,True,True,True
157,Aimee,Duffy,856-144-7655,Aimee.Duffy@example.com,1998-08-22,San Diego,USA,True,True,True
158,Ethan,Price,558-134-7531,Ethan.Price@example.com,1994-12-23,Los Angeles,USA,True,True,True
159,Will,Santana,460-231-8743,Will.Santana@example.com,1988-05-04,Los Angeles,USA,True,True,True
160,Alessia,Watts,619-580-5165,Alessia.Watts@example.com,2000-02-24,New York,USA,True,True,True
161,Eliza,Gordon,805-946-7433,Eliza.Gordon@example.com,2001-12-23,Los Angeles,USA,True,True,True
162,Martina,Boyle,145-824-4775,Martina.Boyle@example.com,1999-10-13,Los Angeles,USA,True,True,True
163,Talha,Austin,279-345-3532,Talha.Austin@example.com,1997-08-22,New York,USA,True,True,True
164,Herman,Knowles,130-936-8674,Herman.Knowles@example.com,1986-12-08,Los Angeles,USA,True,True,True
165,Amira,Berg,627-954-8991,Amira.Berg@example.com,1990-08-15,Chicago,USA,True,True,True
166,Darcie,Lane,899-901-3539,Darcie.Lane@example.com,1987-10-08,Los Angeles,USA,True,True,True
167,Kurtis,Marks,690-396-3965,Kurtis.Marks@example.com,1995-09-01,Montreal,Canada,True,True,True
168,Josie,Pham,202-569-8234,Josie.Pham@example.com,1993-11-23,San Diego,USA,True,True,True
169,Katy,Harrington,645-829-7495,Katy.Harrington@example.com,1985-11-17,San Francisco,USA,True,True,True
170,Macie,Payne,782-737-6408,Macie.Payne@example.com,1986-02-09,New York,USA,True,True,True
171,Patrick,Morse,220-102-3684,Patrick.Morse@example.com,2005-06-13,New York,USA,True,True,True
172,Nathaniel,Gonzalez,421-145-6627,Nathaniel.Gonzalez@example.com,2006-04-29,Chicago,USA,True,True,True
173,Enya,Hernandez,406-397-1498,Enya.Hernandez@example.com,1987-12-18,Barcelona,Spain,False,True,False
174,Kiera,Cotton,254-627-7406,Kiera.Cotton@example.com,1996-12-27,Los Angeles,USA,True,True,True
175,Tia,Potter,137-491-6519,Tia.Potter@example.com,1987-07-28,New York,USA,True,True,True
176,Melvin,Flores,708-692-8746,Melvin.Flores@example.com,1986-08-01,London,United Kingdom,True,True,True
177,Hassan,Kemp,131-471-2639,Hassan.Kemp@example.com,1987-07-19,San Diego,USA,True,True,True
178,Jenson,Carver,128-789-4202,Jenson.Carver@example.com,1962-01-11,Chicago,USA,True,True,True
179,Aminah,Wells,950-639-9777,Aminah.Wells@example.com,1972-09-01,Chicago,USA,True,True,True
180,Dhruv,Villarreal,931-559-3083,Dhruv.Villarreal@example.com,1989-06-02,London,United Kingdom,True,True,True
181,Rhodri,Kelley,106-651-2649,Rhodri.Kelley@example.com,1958-08-03,Los Angeles,USA,True,True,True
182,Luqman,Carrillo,124-533-2523,Luqman.Carrillo@example.com,1993-09-07,New York,USA,True,True,True
183,Ishaan,Stevenson,631-367-5233,Ishaan.Stevenson@example.com,1987-09-06,San Francisco,USA,True,True,True
184,David,Bridges,946-447-2454,David.Bridges@example.com,1990-12-09,New York,USA,True,True,True
185,Milton,Carlson,344-559-6014,Milton.Carlson@example.com,1988-03-25,Los Angeles,USA,True,True,True
186,Gareth,Sutherland,471-744-7605,Gareth.Sutherland@example.com,1965-10-01,San Diego,USA,True,True,True
187,Andre,Long,883-691-2967,Andre.Long@example.com,1988-10-30,San Francisco,USA,True,True,True
188,Ridwan,Houston,530-308-5425,Ridwan.Houston@example.com,2000-02-12,London,United Kingdom,True,True,True
189,Darcey,Whitney,483-860-2350,Darcey.Whitney@example.com,1996-08-24,San Francisco,USA,True,True,True
190,Charlotte,Baxter,757-193-7348,Charlotte.Baxter@example.com,1992-07-13,San Francisco,USA,True,True,True
191,Damon,Bullock,130-864-9453,Damon.Bullock@example.com,1986-06-17,Chicago,USA,True,True,True
192,Leonie,Sanders,248-366-9279,Leonie.Sanders@example.com,1988-05-22,Chicago,USA,True,True,True
193,Susie,Gibbons,194-777-4804,Susie.Gibbons@example.com,1976-02-11,Los Angeles,USA,True,True,True
194,Fynn,Graham,763-842-3292,Fynn.Graham@example.com,1999-06-29,Toronto,Canada,True,True,True
195,Jorge,Maldonado,220-296-3772,Jorge.Maldonado@example.com,1998-11-30,San Diego,USA,True,True,True
196,Alanna,Stephens,710-282-8586,Alanna.Stephens@example.com,2000-05-06,Chicago,USA,True,True,True
197,Tiago,Dunn,728-796-4352,Tiago.Dunn@example.com,2000-11-14,San Diego,USA,True,True,True
198,Zakir,Russell,599-588-9264,Zakir.Russell@example.com,1996-08-30,Toronto,Canada,True,True,True
199,Asa,Haines,327-464-5734,Asa.Haines@example.com,1994-08-27,London,United Kingdom,True,True,True
200,Eesa,Buchanan,533-397-5445,Eesa.Buchanan@example.com,1989-03-27,London,United Kingdom,True,True,True
201,Conor,Rush,663-671-4088,Conor.Rush@example.com,1997-03-25,New York,USA,True,True,True
202,Kabir,Stewart,891-887-3513,Kabir.Stewart@example.com,2007-06-09,San Francisco,USA,True,True,True
203,Lili,Patel,823-509-3052,Lili.Patel@example.com,1988-07-22,Montreal,Canada,True,True,True
204,Philippa,Webster,407-892-7705,Philippa.Webster@example.com,2003-12-20,Toronto,Canada,True,True,True
205,Zoe,Newman,620-765-4496,Zoe.Newman@example.com,2002-06-04,San Francisco,USA,True,True,True
206,Azaan,Roth,130-119-2032,Azaan.Roth@example.com,1981-10-17,Los Angeles,USA,True,True,True
207,Mark,Friedman,111-862-3502,Mark.Friedman@example.com,2004-12-04,San Diego,USA,True,True,True
208,Jessie,Greer,950-317-1709,Jessie.Greer@example.com,1990-01-07,London,United Kingdom,True,True,True
209,Eliot,Stokes,864-975-1957,Eliot.Stokes@example.com,1981-08-10,Los Angeles,USA,True,True,True
210,Alessia,Jenkins,547-388-2503,Alessia.Jenkins@example.com,1958-08-24,Chicago,USA,True,True,True
211,Gerard,Francis,958-724-3846,Gerard.Francis@example.com,2002-09-25,Chicago,USA,True,True,True
212,Angela,Lynch,227-737-8739,Angela.Lynch@example.com,2001-10-03,San Francisco,USA,True,True,True
213,Kyran,Wyatt,778-841-9881,Kyran.Wyatt@example.com,2001-10-31,Montreal,Canada,True,True,True
214,Eugene,Taylor,712-926-3402,Eugene.Taylor@example.com,1993-02-14,Toronto,Canada,True,True,True
215,Katerina,Turner,753-511-5460,Katerina.Turner@example.com,1986-05-05,San Francisco,USA,True,True,True
216,Nataniel,Nunez,202-158-5194,Nataniel.Nunez@example.com,1963-07-14,New York,USA,True,True,True
217,Phoebe,Rodriguez,516-779-4464,Phoebe.Rodriguez@example.com,1985-06-16,New York,USA,True,True,True
218,Tony,Shepard,416-772-8288,Tony.Shepard@example.com,1997-04-07,Barcelona,Spain,False,True,False
219,Sinead,Horne,340-355-9098,Sinead.Horne@example.com,1994-07-01,Toronto,Canada,True,True,True
220,Sahar,Kim,718-676-2743,Sahar.Kim@example.com,2003-12-26,San Francisco,USA,True,True,True
221,Emmie,Schmidt,130-236-9253,Emmie.Schmidt@example.com,1968-04-07,San Francisco,USA,True,True,True
222,Sonia,Lowe,418-550-4001,Sonia.Lowe@example.com,1982-09-05,Paris,France,True,False,False
223,Rupert,Mejia,194-235-2353,Rupert.Mejia@example.com,1987-09-08,San Francisco,USA,True,True,True
224,Lily-Rose,Kaufman,271-963-2123,Lily-Rose.Kaufman@example.com,1993-12-20,Chicago,USA,True,True,True
225,Neil,Haynes,421-219-5363,Neil.Haynes@example.com,1985-08-18,San Diego,USA,True,True,True
226,Morgan,Hardy,974-761-7628,Morgan.Hardy@example.com,2006-07-27,London,United Kingdom,True,True,True
227,Ibraheem,Mcgee,667-192-9013,Ibraheem.Mcgee@example.com,1991-12-06,San Diego,USA,True,True,True
228,Ned,Rowland,400-103-9062,Ned.Rowland@example.com,2000-04-10,Paris,France,False,True,False
229,Kate,Cline,927-741-2027,Kate.Cline@example.com,1985-10-11,Toronto,Canada,True,True,True
230,Hana,Barr,541-180-4090,Hana.Barr@example.com,1987-10-09,San Francisco,USA,True,True,True
231,Darcy,Wall,109-398-3560,Darcy.Wall@example.com,1986-05-19,Montreal,Canada,True,True,True
232,Aisha,Winters,280-831-1664,Aisha.Winters@example.com,1993-03-03,Toronto,Canada,True,True,True
233,Zayd,Yoder,259-388-7717,Zayd.Yoder@example.com,2002-10-02,New York,USA,True,True,True
234,Esmee,Harmon,271-604-3446,Esmee.Harmon@example.com,1978-04-21,New York,USA,True,True,True
235,Tamara,Riddle,481-405-7265,Tamara.Riddle@example.com,2003-09-26,Los Angeles,USA,True,True,True
236,Gloria,Mason,495-379-8123,Gloria.Mason@example.com,1997-04-10,Los Angeles,USA,True,True,True
237,Carter,Coleman,530-826-1153,Carter.Coleman@example.com,1989-04-02,San Francisco,USA,True,True,True
238,Ashleigh,Trevino,621-710-6972,Ashleigh.Trevino@example.com,1996-05-20,San Francisco,USA,True,True,True
239,Edward,Ayala,416-337-3343,Edward.Ayala@example.com,1999-10-11,Montreal,Canada,True,True,True
240,Amira,Lane,321-569-4426,Amira.Lane@example.com,1996-11-22,San Francisco,USA,True,True,True
241,Chris,Zimmerman,371-875-4229,Chris.Zimmerman@example.com,2001-01-07,San Diego,USA,True,True,True
242,Hazel,Joseph,272-647-4049,Hazel.Joseph@example.com,1985-09-03,New York,USA,True,True,True
243,Brogan,Fitzgerald,955-732-8107,Brogan.Fitzgerald@example.com,1995-01-27,Montreal,Canada,True,True,True
244,Taylor,Ramos,833-282-1248,Taylor.Ramos@example.com,1985-02-28,Toronto,Canada,True,True,True
245,Elsie,Cuevas,186-536-6820,Elsie.Cuevas@example.com,2007-10-23,Montreal,Canada,True,True,True
246,Zara,Washington,679-367-1926,Zara.Washington@example.com,1999-03-19,London,United Kingdom,True,True,True
247,Douglas,Lozano,916-136-3366,Douglas.Lozano@example.com,1991-02-13,New York,USA,True,True,True
248,Bethan,Franco,317-895-5803,Bethan.Franco@example.com,2001-08-02,Toronto,Canada,True,True,True
249,Clementine,Whitaker,193-348-3198,Clementine.Whitaker@example.com,1993-09-25,Los Angeles,USA,True,True,True
250,Sarah,Mooney,507-446-1333,Sarah.Mooney@example.com,1986-06-02,Chicago,USA,True,True,True
251,Grayson,Rasmussen,312-891-9587,Grayson.Rasmussen@example.com,1975-10-19,New York,USA,True,True,True
252,Jemima,Leonard,149-310-5366,Jemima.Leonard@example.com,1997-04-17,Chicago,USA,True,True,True
253,Oskar,Mccarty,582-269-7396,Oskar.Mccarty@example.com,1992-12-04,London,United Kingdom,True,True,True
254,Bonnie,Woods,104-443-5734,Bonnie.Woods@example.com,1993-03-30,San Francisco,USA,True,True,True
255,Miriam,Pacheco,401-464-5796,Miriam.Pacheco@example.com,1995-01-02,San Diego,USA,True,True,True
256,Zahraa,Villanueva,130-183-4153,Zahraa.Villanueva@example.com,1985-05-30,San Francisco,USA,True,True,True
257,Alia,Hess,735-371-7432,Alia.Hess@example.com,1991-12-28,San Diego,USA,True,True,True
258,Felicity,Tran,530-539-9474,Felicity.Tran@example.com,1986-02-06,San Diego,USA,True,True,True
259,Lily,Chan,390-911-6534,Lily.Chan@example.com,1992-11-16,San Francisco,USA,True,True,True
260,Darcey,Robles,790-759-5249,Darcey.Robles@example.com,1994-08-06,London,United Kingdom,True,True,True
261,Dulcie,Melendez,659-843-5422,Dulcie.Melendez@example.com,1972-02-29,Barcelona,Spain,True,False,True
262,Everly,Cortez,954-995-1806,Everly.Cortez@example.com,1993-11-28,Toronto,Canada,True,True,True
263,Tommy,Farmer,999-431-4584,Tommy.Farmer@example.com,1992-03-13,Toronto,Canada,True,True,True
264,Maximillian,Atkins,421-834-8740,Maximillian.Atkins@example.com,1995-06-07,Toronto,Canada,True,True,True
265,Eddie,Archer,130-279-8355,Eddie.Archer@example.com,1991-08-13,San Francisco,USA,True,True,True
266,Gregory,Strong,952-404-1885,Gregory.Strong@example.com,1991-12-25,New York,USA,True,True,True
267,Jake,Spencer,445-216-5918,Jake.Spencer@example.com,1992-09-13,San Diego,USA,True,True,True
268,Johnny,Ford,760-126-9651,Johnny.Ford@example.com,1986-02-11,San Francisco,USA,True,True,True
269,Yusuf,Salazar,311-351-7403,Yusuf.Salazar@example.com,1987-06-15,Toronto,Canada,True,True,True
270,Nelson,Huff,169-619-4582,Nelson.Huff@example.com,2000-02-16,New York,USA,True,True,True
271,Princess,Schneider,683-604-6287,Princess.Schneider@example.com,1985-07-06,Paris,France,True,False,True
272,Findlay,Velasquez,675-319-8856,Findlay.Velasquez@example.com,2000-12-10,Los Angeles,USA,True,True,True
273,Georgiana,Horton,290-200-9393,Georgiana.Horton@example.com,1960-03-30,Los Angeles,USA,True,True,True
274,Bronte,Riley,786-291-8203,Bronte.Riley@example.com,1986-05-23,Toronto,Canada,True,True,True
275,Harriett,Villegas,329-505-8826,Harriett.Villegas@example.com,1987-11-22,Los Angeles,USA,True,True,True
276,Bertha,Carter,708-356-2109,Bertha.Carter@example.com,1969-06-28,Chicago,USA,True,True,True
277,Fay,Lucas,436-818-1915,Fay.Lucas@example.com,1990-12-10,Montreal,Canada,True,True,True
278,Rachael,Sykes,623-319-1782,Rachael.Sykes@example.com,1995-06-18,San Diego,USA,True,True,True
279,Annabelle,Atkinson,494-263-3527,Annabelle.Atkinson@example.com,1985-05-28,San Francisco,USA,True,True,True
280,Zac,Wagner,131-396-9743,Zac.Wagner@example.com,1988-10-08,San Francisco,USA,True,True,True
281,Rosa,Stone,922-216-4141,Rosa.Stone@example.com,1966-12-06,Paris,France,False,True,False
282,Elysia,Mata,111-388-1063,Elysia.Mata@example.com,1998-06-11,New York,USA,True,True,True
283,Autumn,Hensley,107-156-5064,Autumn.Hensley@example.com,1997-07-26,New York,USA,True,True,True
284,Maximilian,Whitney,804-245-1465,Maximilian.Whitney@example.com,1984-12-02,San Francisco,USA,True,True,True
285,Lorna,Levy,809-114-1988,Lorna.Levy@example.com,2007-04-07,Toronto,Canada,True,True,True
286,Cordelia,Marquez,636-910-2488,Cordelia.Marquez@example.com,1985-11-17,Los Angeles,USA,True,True,True
287,Jan,Daniels,305-449-8274,Jan.Daniels@example.com,1999-04-15,Montreal,Canada,True,True,True
288,Donald,Dale,995-494-7868,Donald.Dale@example.com,1996-05-27,San Francisco,USA,True,True,True
289,Adele,Cantrell,264-319-7312,Adele.Cantrell@example.com,1985-03-04,New York,USA,True,True,True
290,Brenda,Ingram,919-358-6885,Brenda.Ingram@example.com,1993-12-30,Montreal,Canada,True,True,True
291,Brooklyn,Gamble,187-138-7951,Brooklyn.Gamble@example.com,2000-10-09,Chicago,USA,True,True,True
292,Anya,Bray,396-900-5179,Anya.Bray@example.com,1993-02-28,Toronto,Canada,True,True,True
293,Oliwia,Dominguez,161-309-1110,Oliwia.Dominguez@example.com,1997-11-28,San Diego,USA,True,True,True
294,Faizan,Hill,572-649-5353,Faizan.Hill@example.com,2002-05-30,San Francisco,USA,True,True,True
295,Maisy,Clark,966-801-8945,Maisy.Clark@example.com,1992-07-31,San Diego,USA,True,True,True
296,Steven,Reid,490-977-4025,Steven.Reid@example.com,1977-08-22,San Francisco,USA,True,True,True
297,Ayesha,O'Reilly,273-616-5739,Ayesha.O'Reilly@example.com,1988-04-07,San Diego,USA,True,True,True
298,Chanel,Lang,284-895-4854,Chanel.Lang@example.com,1956-03-10,San Francisco,USA,True,True,True
299,Aadam,Browning,702-276-7562,Aadam.Browning@example.com,2001-08-01,San Francisco,USA,True,True,True
300,Danny,Knapp,665-657-4948,Danny.Knapp@example.com,1992-01-02,Los Angeles,USA,True,True,True
301,Huda,Rogers,714-169-1009,Huda.Rogers@example.com,1991-10-28,New York,USA,True,True,True
302,Ellena,Ramsey,639-267-5334,Ellena.Ramsey@example.com,1985-03-18,San Diego,USA,True,True,True
303,Nikita,Marquez,492-815-1793,Nikita.Marquez@example.com,1985-06-26,Montreal,Canada,True,True,True
304,Siena,Stanton,247-260-7851,Siena.Stanton@example.com,1988-08-21,Chicago,USA,True,True,True
305,Doris,Griffith,839-124-9420,Doris.Griffith@example.com,1962-05-03,San Francisco,USA,True,True,True
306,Libbie,Swanson,176-108-4411,Libbie.Swanson@example.com,1993-07-30,Chicago,USA,True,True,True
307,Rebekah,Shaw,531-380-1711,Rebekah.Shaw@example.com,1985-12-28,Chicago,USA,True,True,True
308,Noah,Benton,936-522-1085,Noah.Benton@example.com,2002-11-30,Los Angeles,USA,True,True,True
309,Barnaby,Payne,140-296-7511,Barnaby.Payne@example.com,2007-03-06,London,United Kingdom,True,True,True
310,Aya,Hoover,640-104-6782,Aya.Hoover@example.com,1990-02-21,Chicago,USA,True,True,True
311,Mariam,Campos,102-916-1394,Mariam.Campos@example.com,2003-08-22,San Diego,USA,True,True,True
312,Marissa,Rubio,400-815-9011,Marissa.Rubio@example.com,1996-07-28,Chicago,USA,True,True,True
313,Alice,Nielsen,988-763-8894,Alice.Nielsen@example.com,1982-08-29,Chicago,USA,True,True,True
314,Neve,Hendrix,965-871-6717,Neve.Hendrix@example.com,2003-12-21,Chicago,USA,True,True,True
315,Kiara,Sosa,982-969-2499,Kiara.Sosa@example.com,1998-06-18,Los Angeles,USA,True,True,True
316,Mathilda,Abbott,893-420-4063,Mathilda.Abbott@example.com,1972-06-11,New York,USA,True,True,True
317,Bessie,Cuevas,629-379-6872,Bessie.Cuevas@example.com,1985-10-05,Toronto,Canada,True,True,True
318,Mario,Luna,547-624-3479,Mario.Luna@example.com,1998-05-01,Toronto,Canada,True,True,True
319,Tess,Short,990-918-2059,Tess.Short@example.com,1991-04-27,Los Angeles,USA,True,True,True
320,Liberty,Stephenson,613-740-5020,Liberty.Stephenson@example.com,2007-11-21,San Francisco,USA,True,True,True
321,Leena,Castillo,648-845-8799,Leena.Castillo@example.com,2006-12-22,San Francisco,USA,True,True,True
322,Melissa,Harding,614-765-9511,Melissa.Harding@example.com,2000-01-24,San Francisco,USA,True,True,True
323,Seren,Rocha,880-236-4632,Seren.Rocha@example.com,1999-05-31,Toronto,Canada,True,True,True
324,Thea,Hamilton,868-547-6826,Thea.Hamilton@example.com,1987-03-16,Montreal,Canada,True,True,True
325,Matilda,Griffin,176-758-4552,Matilda.Griffin@example.com,1987-10-17,Toronto,Canada,True,True,True
326,Archibald,Melendez,553-482-8315,Archibald.Melendez@example.com,1995-03-29,Chicago,USA,True,True,True
327,Oliver,Sanford,628-646-1375,Oliver.Sanford@example.com,1988-11-13,Toronto,Canada,True,True,True
328,Otis,Pittman,563-494-9026,Otis.Pittman@example.com,1985-10-26,San Diego,USA,True,True,True
329,Rory,Bartlett,429-411-4734,Rory.Bartlett@example.com,1986-11-23,San Diego,USA,True,True,True
330,Abubakar,Shaffer,404-849-9394,Abubakar.Shaffer@example.com,1955-04-02,Barcelona,Spain,True,False,False
331,Lia,Hudson,671-560-5008,Lia.Hudson@example.com,1992-12-07,San Francisco,USA,True,True,True
332,Gertrude,Huffman,148-739-3707,Gertrude.Huffman@example.com,1986-05-28,San Diego,USA,True,True,True
333,Tamzin,Hernandez,657-945-1077,Tamzin.Hernandez@example.com,1995-02-07,Chicago,USA,True,True,True
334,Elisabeth,Tran,363-441-2226,Elisabeth.Tran@example.com,1989-10-28,London,United Kingdom,True,True,True
335,Aaminah,Daniel,877-314-7868,Aaminah.Daniel@example.com,1987-12-20,New York,USA,True,True,True
336,Katrina,Foster,497-544-5065,Katrina.Foster@example.com,1991-04-12,London,United Kingdom,True,True,True
337,Xavier,Mcguire,329-569-7858,Xavier.Mcguire@example.com,1981-05-02,San Francisco,USA,True,True,True
338,Patricia,John,338-345-6084,Patricia.John@example.com,1998-12-30,Barcelona,Spain,False,False,True
339,Sahil,Lyons,494-702-9881,Sahil.Lyons@example.com,1989-10-22,Montreal,Canada,True,True,True
340,Lilly-Rose,Richards,264-213-8415,Lilly-Rose.Richards@example.com,1991-01-12,New York,USA,True,True,True
341,Alexandros,Green,725-427-2794,Alexandros.Green@example.com,1976-01-05,San Diego,USA,True,True,True
342,Alfred,Stuart,713-145-1454,Alfred.Stuart@example.com,1999-11-07,Los Angeles,USA,True,True,True
343,Taha,Carroll,368-154-2650,Taha.Carroll@example.com,1956-05-26,Chicago,USA,True,True,True
344,Randy,Edwards,935-107-2953,Randy.Edwards@example.com,1990-01-30,Barcelona,Spain,False,True,False
345,Hannah,Zuniga,515-268-3667,Hannah.Zuniga@example.com,2001-06-30,Chicago,USA,True,True,True
346,Caiden,Kaufman,805-349-3127,Caiden.Kaufman@example.com,1994-11-14,Montreal,Canada,True,True,True
347,Jemma,Greer,220-752-3577,Jemma.Greer@example.com,1996-11-17,San Francisco,USA,True,True,True
348,Alistair,Moore,358-489-3754,Alistair.Moore@example.com,1999-06-08,Los Angeles,USA,True,True,True
349,Rachael,Shields,557-384-9605,Rachael.Shields@example.com,2005-03-09,New York,USA,True,True,True
350,Jed,Myers,920-927-4758,Jed.Myers@example.com,1991-06-17,San Francisco,USA,True,True,True
351,Keaton,Ortiz,676-716-9033,Keaton.Ortiz@example.com,2006-10-04,San Diego,USA,True,True,True
352,Maliha,Hood,296-552-6256,Maliha.Hood@example.com,2003-05-20,San Diego,USA,True,True,True
353,Jennie,Monroe,613-385-2077,Jennie.Monroe@example.com,2001-09-04,Montreal,Canada,True,True,True
354,Sharon,Rojas,901-513-9962,Sharon.Rojas@example.com,2001-06-23,New York,USA,True,True,True
355,Dawid,Lozano,410-788-9917,Dawid.Lozano@example.com,2007-03-14,Toronto,Canada,True,True,True
356,Romeo,Martin,834-460-4855,Romeo.Martin@example.com,2002-12-12,Toronto,Canada,True,True,True
357,Nikhil,Peck,395-769-3300,Nikhil.Peck@example.com,1959-10-13,Chicago,USA,True,True,True
358,Sadie,Hammond,799-609-4421,Sadie.Hammond@example.com,1956-04-01,Barcelona,Spain,True,True,False
359,Jayden,Meyers,233-480-8798,Jayden.Meyers@example.com,1988-01-08,San Diego,USA,True,True,True
360,Judy,Clayton,757-533-4647,Judy.Clayton@example.com,1966-05-10,Paris,France,True,True,False
361,Joel,Baldwin,161-534-8719,Joel.Baldwin@example.com,1997-08-21,San Diego,USA,True,True,True
362,Fletcher,Moreno,228-202-6360,Fletcher.Moreno@example.com,1992-10-26,San Francisco,USA,True,True,True
363,Layton,Suarez,909-218-5658,Layton.Suarez@example.com,1989-02-25,San Francisco,USA,True,True,True
364,Markus,Weaver,806-124-5977,Markus.Weaver@example.com,1985-01-13,Los Angeles,USA,True,True,True
365,Martina,Moran,641-323-9929,Martina.Moran@example.com,1990-11-09,Toronto,Canada,True,True,True
366,Maxwell,Lee,221-138-8090,Maxwell.Lee@example.com,1998-11-22,San Francisco,USA,True,True,True
367,Eryn,Bowers,767-372-8468,Eryn.Bowers@example.com,1975-11-29,Chicago,USA,True,True,True
368,Marie,Hughes,918-588-9531,Marie.Hughes@example.com,1996-01-24,New York,USA,True,True,True
369,Reggie,Strong,459-645-8476,Reggie.Strong@example.com,2004-02-29,Toronto,Canada,True,True,True
370,Darcey,Powell,558-608-9550,Darcey.Powell@example.com,1996-07-17,San Diego,USA,True,True,True
371,Ismaeel,Roach,334-436-6254,Ismaeel.Roach@example.com,1987-10-28,Los Angeles,USA,True,True,True
372,Holly,Gillespie,537-653-7820,Holly.Gillespie@example.com,2004-12-01,New York,USA,True,True,True
373,Robbie,Paul,852-236-4050,Robbie.Paul@example.com,1985-11-12,Los Angeles,USA,True,True,True
374,Sara,Harris,549-750-2047,Sara.Harris@example.com,1992-01-17,San Francisco,USA,True,True,True
375,Brandon,Rangel,417-706-8052,Brandon.Rangel@example.com,1994-08-16,New York,USA,True,True,True
376,Saskia,Glover,883-302-1765,Saskia.Glover@example.com,1993-07-05,Los Angeles,USA,True,True,True
377,Phyllis,Gill,821-675-4190,Phyllis.Gill@example.com,1989-10-06,Los Angeles,USA,True,True,True
378,Junior,Mcgowan,820-164-6757,Junior.Mcgowan@example.com,1983-07-23,San Francisco,USA,True,True,True
379,Leanne,Cordova,514-225-7453,Leanne.Cordova@example.com,1948-10-03,Paris,France,False,False,True
380,James,Warner,839-312-5829,James.Warner@example.com,1997-08-21,Toronto,Canada,True,True,True
381,Elsa,Hebert,389-739-1832,Elsa.Hebert@example.com,1994-11-25,Los Angeles,USA,True,True,True
382,Zachery,Snow,354-295-2894,Zachery.Snow@example.com,2000-01-26,Toronto,Canada,True,True,True
383,Owen,Michael,178-910-8863,Owen.Michael@example.com,2006-10-17,Toronto,Canada,True,True,True
384,Fraser,Hooper,228-636-9031,Fraser.Hooper@example.com,1994-10-28,New York,USA,True,True,True
385,Olivia,Slater,618-239-1471,Olivia.Slater@example.com,1993-06-18,Los Angeles,USA,True,True,True
386,Gregory,Mcgrath,284-161-5702,Gregory.Mcgrath@example.com,1965-01-02,San Francisco,USA,True,True,True
387,Jesse,Perry,711-621-8470,Jesse.Perry@example.com,1996-03-07,New York,USA,True,True,True
388,Yousef,Andrews,532-910-6535,Yousef.Andrews@example.com,1995-02-26,Los Angeles,USA,True,True,True
389,Levi,Hoffman,442-352-9243,Levi.Hoffman@example.com,2000-03-08,London,United Kingdom,True,True,True
390,Camilla,Wells,149-482-9546,Camilla.Wells@example.com,1993-10-29,London,United Kingdom,True,True,True
391,Laiba,Knapp,311-460-4985,Laiba.Knapp@example.com,1995-05-16,New York,USA,True,True,True
392,Kyle,Joseph,499-600-6164,Kyle.Joseph@example.com,1987-09-27,Toronto,Canada,True,True,True
393,Timothy,Jacobs,105-356-5519,Timothy.Jacobs@example.com,1982-03-27,Barcelona,Spain,True,False,True
394,Guy,Osborn,990-686-6129,Guy.Osborn@example.com,1998-09-01,San Francisco,USA,True,True,True
395,Maxim,Romero,398-796-6242,Maxim.Romero@example.com,1989-09-20,San Diego,USA,True,True,True
396,Penny,Hanson,853-297-6593,Penny.Hanson@example.com,1986-09-15,Toronto,Canada,True,True,True
397,Zaynab,Salas,696-692-1941,Zaynab.Salas@example.com,1999-12-04,San Diego,USA,True,True,True
398,Myrtle,Lewis,727-289-2785,Myrtle.Lewis@example.com,1986-11-26,London,United Kingdom,True,True,True
399,Nathan,Pearce,161-192-5834,Nathan.Pearce@example.com,2004-07-24,Los Angeles,USA,True,True,True
400,Joanna,Durham,302-863-6548,Joanna.Durham@example.com,1997-09-09,Los Angeles,USA,True,True,True
401,Gloria,Quinn,225-175-9968,Gloria.Quinn@example.com,2007-06-14,San Diego,USA,True,True,True
402,Safaa,Lopez,863-714-5286,Safaa.Lopez@example.com,1998-03-06,Chicago,USA,True,True,True
403,Tariq,Holman,734-647-8275,Tariq.Holman@example.com,1951-06-24,Paris,France,False,True,True
404,Verity,Oneal,736-555-3571,Verity.Oneal@example.com,1990-07-15,San Francisco,USA,True,True,True
405,Cecily,Blaese,234-446-2115,Cecily.Blaese@example.com,1970-09-16,Toronto,Canada,True,True,True
406,Gideon,Perez,135-944-5781,Gideon.Perez@example.com,1997-12-26,Toronto,Canada,True,True,True
407,Trinity,Mora,406-645-2610,Trinity.Mora@example.com,1994-08-09,Toronto,Canada,True,True,True
408,Adnan,Moore,132-644-9432,Adnan.Moore@example.com,1993-07-31,San Francisco,USA,True,True,True
409,Aleksander,Durham,582-306-5689,Aleksander.Durham@example.com,1986-07-24,New York,USA,True,True,True
410,Findlay,O'Quinn,605-713-8734,Findlay.O'Quinn@example.com,1997-06-10,Los Angeles,USA,True,True,True
411,Candice,Hooper,382-506-1338,Candice.Hooper@example.com,1992-07-10,Toronto,Canada,True,True,True
412,Omar,Clements,998-234-1057,Omar.Clements@example.com,1963-03-16,Barcelona,Spain,False,False,True
413,Charlotte,Trevino,110-715-4620,Charlotte.Trevino@example.com,1969-02-04,New York,USA,True,True,True
414,Ahmed,Mcpherson,797-300-1323,Ahmed.Mcpherson@example.com,1998-02-17,Los Angeles,USA,True,True,True
415,Christopher,Pollard,915-743-9764,Christopher.Pollard@example.com,1989-03-08,San Diego,USA,True,True,True
416,Emilie,Mckee,270-914-6681,Emilie.Mckee@example.com,1990-12-10,San Francisco,USA,True,True,True
417,Sufyaan,Gonzales,729-767-8923,Sufyaan.Gonzales@example.com,1989-12-07,San Diego,USA,True,True,True
418,Kian,Stephens,820-881-5658,Kian.Stephens@example.com,2002-01-27,Chicago,USA,True,True,True
419,Celine,Calderon,110-293-2276,Celine.Calderon@example.com,1973-02-23,San Diego,USA,True,True,True
420,Pablo,Benton,918-474-3062,Pablo.Benton@example.com,1994-03-21,London,United Kingdom,True,True,True
421,Juliet,Gordon,647-601-9488,Juliet.Gordon@example.com,1993-02-25,San Diego,USA,True,True,True
422,Ruby,Reid,877-977-4677,Ruby.Reid@example.com,1989-02-28,San Francisco,USA,True,True,True
423,Haaris,Blevins,790-597-2437,Haaris.Blevins@example.com,1959-08-08,Chicago,USA,True,True,True
424,Carol,Bean,168-263-3805,Carol.Bean@example.com,1958-11-15,San Francisco,USA,True,True,True
425,Ines,Davis,238-215-9099,Ines.Davis@example.com,2000-11-07,San Francisco,USA,True,True,True
426,Bill,Chen,264-895-1912,Bill.Chen@example.com,1976-01-15,Toronto,Canada,True,True,True
427,Lola,Vaughan,722-400-6707,Lola.Vaughan@example.com,1990-02-25,Paris,France,False,False,True
428,Abi,Montgomery,904-933-1987,Abi.Montgomery@example.com,1991-06-23,Montreal,Canada,True,True,True
429,Mike,Hurst,488-247-6930,Mike.Hurst@example.com,1995-03-15,Montreal,Canada,True,True,True
430,Huw,Pearson,505-476-1251,Huw.Pearson@example.com,1988-02-05,San Diego,USA,True,True,True
431,Alannah,Vaughn,942-130-5841,Alannah.Vaughn@example.com,2000-02-16,San Francisco,USA,True,True,True
432,Camilla,Huff,943-976-4626,Camilla.Huff@example.com,2004-08-20,San Francisco,USA,True,True,True
433,Angelo,Manning,182-351-6749,Angelo.Manning@example.com,1989-06-09,Toronto,Canada,True,True,True
434,Enzo,Hess,359-874-3781,Enzo.Hess@example.com,1966-11-02,Los Angeles,USA,True,True,True
435,Jorge,Hebert,301-526-9714,Jorge.Hebert@example.com,1999-03-21,Los Angeles,USA,True,True,True
436,Alan,Burton,795-682-8733,Alan.Burton@example.com,1999-12-12,San Francisco,USA,True,True,True
437,Harvey,Rios,439-940-5960,Harvey.Rios@example.com,1986-12-05,Los Angeles,USA,True,True,True
438,Leslie,Harrington,170-517-1270,Leslie.Harrington@example.com,1986-08-01,Chicago,USA,True,True,True
439,Leona,Daugherty,815-288-7354,Leona.Daugherty@example.com,1997-06-26,Montreal,Canada,True,True,True
440,Dean,Koch,510-682-8416,Dean.Koch@example.com,1991-12-14,San Francisco,USA,True,True,True
441,Conrad,Hanna,934-954-3387,Conrad.Hanna@example.com,1985-09-27,San Diego,USA,True,True,True
442,Lenny,Hardy,618-571-1851,Lenny.Hardy@example.com,1999-04-23,Toronto,Canada,True,True,True
443,Miguel,Guerrero,542-618-4471,Miguel.Guerrero@example.com,1999-01-04,San Francisco,USA,True,True,True
444,Karina,Mata,428-919-4395,Karina.Mata@example.com,1994-03-12,San Francisco,USA,True,True,True
445,Marco,Fletcher,196-551-2162,Marco.Fletcher@example.com,2007-01-04,Los Angeles,USA,True,True,True
446,Julius,Marquez,189-235-8167,Julius.Marquez@example.com,1987-03-31,Montreal,Canada,True,True,True
447,Lucy,Livingston,528-980-5732,Lucy.Livingston@example.com,1993-09-14,San Diego,USA,True,True,True
448,Amna,Garner,157-518-8037,Amna.Garner@example.com,1956-06-03,Paris,France,True,True,True
449,Raja,Hull,209-644-4005,Raja.Hull@example.com,1989-02-06,Toronto,Canada,True,True,True
450,Rio,Suarez,304-182-8487,Rio.Suarez@example.com,2000-12-23,Paris,France,False,True,True
451,Amie,Lin,153-814-9880,Amie.Lin@example.com,1999-08-12,New York,USA,True,True,True
452,Iqra,Kelly,319-337-5741,Iqra.Kelly@example.com,1998-06-10,Los Angeles,USA,True,True,True
453,Kiran,Barr,755-593-9023,Kiran.Barr@example.com,1988-12-29,New York,USA,True,True,True
454,Zuzanna,Moody,727-221-6352,Zuzanna.Moody@example.com,1991-02-28,San Diego,USA,True,True,True
455,Margaret,Woods,693-338-9657,Margaret.Woods@example.com,1990-03-29,Chicago,USA,True,True,True
456,Larry,Clay,151-494-2927,Larry.Clay@example.com,1958-12-20,Montreal,Canada,True,True,True
457,Ffion,Brandt,560-197-4771,Ffion.Brandt@example.com,2001-02-24,San Diego,USA,True,True,True
458,Taha,Torres,685-146-7547,Taha.Torres@example.com,1988-09-25,Los Angeles,USA,True,True,True
459,Hector,Lam,784-605-2200,Hector.Lam@example.com,1991-06-23,Los Angeles,USA,True,True,True
460,Demi,Dennis,429-374-1894,Demi.Dennis@example.com,1995-02-09,Los Angeles,USA,True,True,True
461,Leila,Hawkins,970-992-9362,Leila.Hawkins@example.com,1997-09-29,Los Angeles,USA,True,True,True
462,Junior,Schwartz,543-252-9069,Junior.Schwartz@example.com,1989-06-29,San Francisco,USA,True,True,True
463,Tristan,Lambert,125-567-3504,Tristan.Lambert@example.com,1958-03-17,San Diego,USA,True,True,True
464,Liliana,Carpenter,769-403-7834,Liliana.Carpenter@example.com,1996-05-11,New York,USA,True,True,True
465,Karen,Robles,144-367-7871,Karen.Robles@example.com,1970-02-10,Barcelona,Spain,False,False,True
466,Charis,Cotton,598-771-1224,Charis.Cotton@example.com,1996-12-01,Toronto,Canada,True,True,True
467,Zubair,Sheppard,845-425-4523,Zubair.Sheppard@example.com,1985-08-26,San Francisco,USA,True,True,True
468,Cassie,Gaines,496-692-2413,Cassie.Gaines@example.com,1998-09-17,Paris,France,False,True,True
469,Zohaib,Preston,575-540-7871,Zohaib.Preston@example.com,1970-12-15,San Francisco,USA,True,True,True
470,Kyla,Brennan,440-863-6538,Kyla.Brennan@example.com,1964-11-15,Toronto,Canada,True,True,True
471,Amira,Mueller,445-867-4511,Amira.Mueller@example.com,1990-03-19,San Francisco,USA,True,True,True
472,Colby,Baxter,584-747-3867,Colby.Baxter@example.com,1985-08-15,Los Angeles,USA,True,True,True
473,Hayden,Lucas,527-308-6637,Hayden.Lucas@example.com,1992-10-29,Montreal,Canada,True,True,True
474,Willard,Gray,894-914-4304,Willard.Gray@example.com,1948-01-05,Paris,France,True,True,True
475,Sophie,Lindsey,392-864-7558,Sophie.Lindsey@example.com,1959-12-09,Paris,France,False,False,True
476,Sabrina,Becker,895-364-8107,Sabrina.Becker@example.com,1998-06-08,Toronto,Canada,True,True,True
477,Dillon,Cisneros,304-384-6230,Dillon.Cisneros@example.com,1971-11-15,Paris,France,True,True,True
478,Alejandro,Ali,685-467-9906,Alejandro.Ali@example.com,1999-01-30,San Francisco,USA,True,True,True
479,Terence,Rosales,298-641-6696,Terence.Rosales@example.com,1991-02-09,Toronto,Canada,True,True,True
480,Abu,Miranda,615-102-4849,Abu.Miranda@example.com,1998-11-11,Los Angeles,USA,True,True,True
481,Sophia,Randolph,972-667-2372,Sophia.Randolph@example.com,1988-08-24,New York,USA,True,True,True
482,Ahmad,Patrick,875-486-1626,Ahmad.Patrick@example.com,1999-08-19,Toronto,Canada,True,True,True
483,Christine,Davenport,168-853-2168,Christine.Davenport@example.com,1978-06-14,Montreal,Canada,True,True,True
484,Lowri,Brady,116-274-4785,Lowri.Brady@example.com,1996-02-01,Toronto,Canada,True,True,True
485,Ashley,Cain,679-244-6655,Ashley.Cain@example.com,1990-02-13,London,United Kingdom,True,True,True
486,Andre,Le,583-114-3994,Andre.Le@example.com,1995-01-21,San Francisco,USA,True,True,True
487,Bernard,Moran,863-265-3242,Bernard.Moran@example.com,1986-08-13,San Francisco,USA,True,True,True
488,Jenson,Carlson,282-249-3068,Jenson.Carlson@example.com,1960-01-14,Paris,France,True,True,True
489,Khadija,Dunlap,752-472-1641,Khadija.Dunlap@example.com,1995-07-06,San Francisco,USA,True,True,True
490,Rhonda,Coffey,473-420-4500,Rhonda.Coffey@example.com,1991-07-18,San Francisco,USA,True,True,True
491,Ehsan,Anthony,364-687-4749,Ehsan.Anthony@example.com,1990-12-14,San Francisco,USA,True,True,True
492,Haider,Mcguire,719-649-9057,Haider.Mcguire@example.com,1990-02-03,New York,USA,True,True,True
493,Jazmine,Harper,956-324-6086,Jazmine.Harper@example.com,1988-05-25,Los Angeles,USA,True,True,True
494,Bryan,Caldwell,161-104-1451,Bryan.Caldwell@example.com,1996-06-19,San Francisco,USA,True,True,True
495,Sandra,Bowman,190-234-9749,Sandra.Bowman@example.com,1996-06-28,Los Angeles,USA,True,True,True
496,Micheal,Maldonado,895-850-8289,Micheal.Maldonado@example.com,1988-03-07,London,United Kingdom,True,True,True
497,Arjun,Mccarthy,152-255-3479,Arjun.Mccarthy@example.com,1998-06-08,Los Angeles,USA,True,True,True
498,Keisha,Norris,117-850-3045,Keisha.Norris@example.com,1990-03-07,New York,USA,True,True,True
499,Harris,Mack,633-338-5745,Harris.Mack@example.com,1998-11-27,New York,USA,True,True,True
500,Alexandra,Young,425-414-7823,Alexandra.Young@example.com,1967-07-20,Barcelona,Spain,True,False,True
501,Nannie,Carr,175-709-3929,Nannie.Carr@example.com,1989-01-10,San Francisco,USA,True,True,True
502,Imran,Page,203-209-8114,Imran.Page@example.com,1995-04-20,Montreal,Canada,True,True,True
503,Jim,Moses,560-446-1279,Jim.Moses@example.com,1985-04-09,London,United Kingdom,True,True,True
504,Anjali,Peck,703-497-6452,Anjali.Peck@example.com,1996-03-20,San Diego,USA,True,True,True
505,Bessie,Conley,128-912-7282,Bessie.Conley@example.com,1997-09-17,London,United Kingdom,True,True,True
506,Jude,Manning,705-992-3397,Jude.Manning@example.com,1956-09-26,New York,USA,True,True,True
507,Bridget,Oneill,349-116-7728,Bridget.Oneill@example.com,1990-11-13,San Francisco,USA,True,True,True
508,Brooke,Barron,715-588-5341,Brooke.Barron@example.com,1988-03-19,Chicago,USA,True,True,True
509,Lukas,Howard,846-508-8212,Lukas.Howard@example.com,1995-08-13,Chicago,USA,True,True,True
510,Kaya,Jacobson,870-909-4612,Kaya.Jacobson@example.com,1989-12-13,San Francisco,USA,True,True,True
511,Kitty,Carroll,305-617-1384,Kitty.Carroll@example.com,1965-05-26,San Diego,USA,True,True,True
512,Khadijah,Little,258-211-4243,Khadijah.Little@example.com,1977-10-01,San Diego,USA,True,True,True
513,Scarlett,Bradley,841-963-6257,Scarlett.Bradley@example.com,1985-04-10,San Diego,USA,True,True,True
514,Willard,Odling,156-301-8459,Willard.Odling@example.com,1986-08-25,Chicago,USA,True,True,True
515,Gerald,Carver,658-867-4112,Gerald.Carver@example.com,1968-09-27,Los Angeles,USA,True,True,True
516,Kate,Key,336-283-3896,Kate.Key@example.com,1995-04-13,San Francisco,USA,True,True,True
517,Danielle,Lester,427-342-5497,Danielle.Lester@example.com,2005-01-27,San Francisco,USA,True,True,True
518,Mabel,Pace,752-347-2146,Mabel.Pace@example.com,1989-10-11,Los Angeles,USA,True,True,True
519,Eoin,Fields,507-766-7432,Eoin.Fields@example.com,1968-03-04,Los Angeles,USA,True,True,True
520,Henry,Holloway,760-481-5035,Henry.Holloway@example.com,1995-05-20,San Francisco,USA,True,True,True
521,Khalid,Mclaughlin,140-879-1467,Khalid.Mclaughlin@example.com,1996-08-11,San Francisco,USA,True,True,True
522,Umar,Guerrero,207-890-3313,Umar.Guerrero@example.com,1993-08-19,San Francisco,USA,True,True,True
523,Ameera,Kirby,611-776-9890,Ameera.Kirby@example.com,1971-01-28,London,United Kingdom,True,True,True
524,Emre,Everett,986-281-7506,Emre.Everett@example.com,1989-05-01,San Francisco,USA,True,True,True
525,Aidan,Mcmahon,896-647-2628,Aidan.Mcmahon@example.com,1998-07-11,New York,USA,True,True,True
526,Tara,Brewer,114-507-5478,Tara.Brewer@example.com,1990-02-20,New York,USA,True,True,True
527,Layton,Cisneros,624-631-4459,Layton.Cisneros@example.com,1959-03-16,San Francisco,USA,True,True,True
528,Md,Booker,544-944-1609,Md.Booker@example.com,1991-08-30,New York,USA,True,True,True
529,Lawrence,Simon,305-708-6970,Lawrence.Simon@example.com,1996-12-27,San Diego,USA,True,True,True
530,Isobelle,Davidson,237-295-4490,Isobelle.Davidson@example.com,2000-02-10,San Francisco,USA,True,True,True
531,Jake,Salazar,250-705-1154,Jake.Salazar@example.com,1994-03-18,San Francisco,USA,True,True,True
532,Lawson,Levine,785-936-5286,Lawson.Levine@example.com,1987-02-26,San Francisco,USA,True,True,True
533,Joshua,Holt,993-541-7464,Joshua.Holt@example.com,2007-01-25,New York,USA,True,True,True
534,Ada,Walsh,391-963-8942,Ada.Walsh@example.com,1986-02-02,San Francisco,USA,True,True,True
535,Carolyn,Pittman,451-215-7038,Carolyn.Pittman@example.com,1985-11-02,New York,USA,True,True,True
536,Orla,Monroe,200-722-3778,Orla.Monroe@example.com,1993-03-15,Toronto,Canada,True,True,True
537,Bronwyn,Hanna,763-469-4049,Bronwyn.Hanna@example.com,2000-11-10,Toronto,Canada,True,True,True
538,Tristan,Valdez,109-614-1639,Tristan.Valdez@example.com,1987-04-06,Los Angeles,USA,True,True,True
539,Ruth,Stone,429-930-9178,Ruth.Stone@example.com,1998-09-26,Montreal,Canada,True,True,True
540,Savannah,Boone,159-573-6793,Savannah.Boone@example.com,2003-10-06,Los Angeles,USA,True,True,True
541,Elysia,Schaefer,264-321-9679,Elysia.Schaefer@example.com,2000-07-18,Montreal,Canada,True,True,True
542,Moses,O'Gallagher,303-406-9507,Moses.O'Gallagher@example.com,2004-07-10,Chicago,USA,True,True,True
543,Esme,Krueger,173-138-2227,Esme.Krueger@example.com,2000-07-01,Toronto,Canada,True,True,True
544,Millie,Yates,673-424-3380,Millie.Yates@example.com,2002-12-03,Chicago,USA,True,True,True
545,Valentina,Cross,142-486-2939,Valentina.Cross@example.com,1990-03-10,Los Angeles,USA,True,True,True
546,Lenny,Patrick,109-247-6898,Lenny.Patrick@example.com,1990-11-26,San Francisco,USA,True,True,True
547,Ty,Serrano,901-570-7400,Ty.Serrano@example.com,1986-12-23,San Francisco,USA,True,True,True
548,Katherine,Whitehead,416-889-9840,Katherine.Whitehead@example.com,1995-03-11,Los Angeles,USA,True,True,True
549,Danny,Tate,574-779-9113,Danny.Tate@example.com,1986-01-19,San Diego,USA,True,True,True
550,Prince,Sharp,886-278-8764,Prince.Sharp@example.com,1999-04-13,Montreal,Canada,True,True,True
551,Donovan,Evans,729-134-2962,Donovan.Evans@example.com,2005-09-21,Montreal,Canada,True,True,True
552,Daniel,Reid,753-936-1634,Daniel.Reid@example.com,1977-09-21,Paris,France,True,False,False
553,Rajan,Fletcher,443-159-6306,Rajan.Fletcher@example.com,1985-05-10,Chicago,USA,True,True,True
554,Tyrell,Holman,582-574-4299,Tyrell.Holman@example.com,1994-05-27,San Francisco,USA,True,True,True
555,Ammar,Floyd,960-107-6796,Ammar.Floyd@example.com,1999-12-02,New York,USA,True,True,True
556,Zayn,Webb,561-761-7547,Zayn.Webb@example.com,1997-07-08,New York,USA,True,True,True
557,Wilbur,Valentine,718-283-9417,Wilbur.Valentine@example.com,1988-08-13,San Francisco,USA,True,True,True
558,Clementine,Sloan,480-906-3761,Clementine.Sloan@example.com,2006-09-12,Chicago,USA,True,True,True
559,Cecilia,Edwards,941-963-8256,Cecilia.Edwards@example.com,1989-09-23,London,United Kingdom,True,True,True
560,Aled,Harris,924-132-3783,Aled.Harris@example.com,1998-08-06,San Diego,USA,True,True,True
561,Miya,Warner,204-288-1980,Miya.Warner@example.com,1995-10-07,Los Angeles,USA,True,True,True
562,Marjorie,Morrison,642-203-8931,Marjorie.Morrison@example.com,1997-02-10,San Francisco,USA,True,True,True
563,Safaa,Sharpe,648-955-3738,Safaa.Sharpe@example.com,1991-06-06,San Francisco,USA,True,True,True
564,Craig,Mcknight,634-813-9351,Craig.Mcknight@example.com,1987-03-27,Chicago,USA,True,True,True
565,Alice,Huber,190-538-3053,Alice.Huber@example.com,1989-08-17,Chicago,USA,True,True,True
566,Cruz,Neal,732-513-2567,Cruz.Neal@example.com,1989-11-11,Chicago,USA,True,True,True
567,Macy,King,475-826-7209,Macy.King@example.com,2001-01-30,Montreal,Canada,True,True,True
568,Zaki,Mcpherson,344-278-2013,Zaki.Mcpherson@example.com,1988-07-05,San Francisco,USA,True,True,True
569,Magnus,Mcneil,125-993-7660,Magnus.Mcneil@example.com,1995-01-16,San Francisco,USA,True,True,True
570,Vinnie,Schwartz,790-948-7013,Vinnie.Schwartz@example.com,1986-01-18,San Diego,USA,True,True,True
571,Keelan,Thompson,254-156-9308,Keelan.Thompson@example.com,1993-11-27,San Francisco,USA,True,True,True
572,Davina,O'Doherty,330-649-8079,Davina.O'Doherty@example.com,1988-10-17,New York,USA,True,True,True
573,Arron,Herman,999-222-5375,Arron.Herman@example.com,1996-12-13,San Diego,USA,True,True,True
574,Kevin,Sherman,185-617-6120,Kevin.Sherman@example.com,1969-09-21,Barcelona,Spain,False,True,False
575,Casper,Padilla,823-261-2968,Casper.Padilla@example.com,1989-07-10,San Francisco,USA,True,True,True
576,David,Mcconnell,967-585-7262,David.Mcconnell@example.com,1998-10-21,San Francisco,USA,True,True,True
577,Yasin,Rogers,416-776-3422,Yasin.Rogers@example.com,1989-07-23,San Diego,USA,True,True,True
578,Demi,Callahan,713-176-8275,Demi.Callahan@example.com,1992-05-07,Toronto,Canada,True,True,True
579,Sufyaan,Castillo,412-479-8766,Sufyaan.Castillo@example.com,2006-09-13,Montreal,Canada,True,True,True
580,Aayan,Donovan,476-401-9860,Aayan.Donovan@example.com,1973-05-06,Paris,France,True,False,True
581,Kamal,Gates,622-660-1036,Kamal.Gates@example.com,1997-05-15,Chicago,USA,True,True,True
582,Yusra,Norman,945-940-4995,Yusra.Norman@example.com,1978-11-10,Los Angeles,USA,True,True,True
583,Bryony,Stevens,537-447-5075,Bryony.Stevens@example.com,1985-04-13,New York,USA,True,True,True
584,Darcy,Jenkins,705-890-7715,Darcy.Jenkins@example.com,1998-08-20,Los Angeles,USA,True,True,True
585,Sufyan,Guzman,125-583-6823,Sufyan.Guzman@example.com,1986-02-14,Montreal,Canada,True,True,True
586,Casey,Finley,306-893-4689,Casey.Finley@example.com,1974-12-08,London,United Kingdom,True,True,True
587,Alina,Odom,737-828-4041,Alina.Odom@example.com,1998-10-09,Chicago,USA,True,True,True
588,Miranda,Cain,377-263-6278,Miranda.Cain@example.com,1991-03-22,Los Angeles,USA,True,True,True
589,Omari,Gibbs,524-749-7401,Omari.Gibbs@example.com,1964-03-30,San Diego,USA,True,True,True
590,Susannah,Kane,172-773-1455,Susannah.Kane@example.com,1981-04-13,New York,USA,True,True,True
591,Annalise,Stephens,853-224-1381,Annalise.Stephens@example.com,2004-01-14,Toronto,Canada,True,True,True
592,Jamil,Shepherd,298-276-5058,Jamil.Shepherd@example.com,1989-08-28,Toronto,Canada,True,True,True
593,Danyal,Lang,629-875-4423,Danyal.Lang@example.com,1965-02-14,Toronto,Canada,True,True,True
594,Barry,Reilly,117-863-9669,Barry.Reilly@example.com,1988-09-02,Montreal,Canada,True,True,True
595,Archie,Gregory,945-301-2904,Archie.Gregory@example.com,1987-10-22,San Diego,USA,True,True,True
596,Hajra,Baxter,600-542-2254,Hajra.Baxter@example.com,1990-11-25,San Francisco,USA,True,True,True
597,Earl,Fowler,648-268-9331,Earl.Fowler@example.com,1986-12-15,Los Angeles,USA,True,True,True
598,Monica,Bruce,302-368-5572,Monica.Bruce@example.com,1996-10-09,Los Angeles,USA,True,True,True
599,Astrid,Delgado,641-317-3741,Astrid.Delgado@example.com,1995-03-08,London,United Kingdom,True,True,True
600,Bill,Jacobs,279-704-9018,Bill.Jacobs@example.com,1999-03-05,San Francisco,USA,True,True,True
601,Rio,Pennington,473-123-1959,Rio.Pennington@example.com,1991-03-26,New York,USA,True,True,True
602,Jazmin,Lopez,116-866-3838,Jazmin.Lopez@example.com,1993-06-27,Los Angeles,USA,True,True,True
603,Bilal,Shaffer,308-774-7278,Bilal.Shaffer@example.com,1975-02-10,San Diego,USA,True,True,True
604,Elisha,Cobb,821-536-1739,Elisha.Cobb@example.com,1992-03-05,San Francisco,USA,True,True,True
605,Earl,Hobbs,916-866-7237,Earl.Hobbs@example.com,1998-09-15,New York,USA,True,True,True
606,Bertha,Walsh,129-506-2067,Bertha.Walsh@example.com,1996-03-28,London,United Kingdom,True,True,True
607,Bibi,Roberts,631-796-8801,Bibi.Roberts@example.com,1990-10-16,New York,USA,True,True,True
608,Rishi,Barron,331-128-4346,Rishi.Barron@example.com,2000-02-11,Montreal,Canada,True,True,True
609,Taylor,Leon,857-418-9149,Taylor.Leon@example.com,1963-05-18,Paris,France,True,False,False
610,Keira,Herman,607-258-2059,Keira.Herman@example.com,1992-11-29,Los Angeles,USA,True,True,True
611,Omari,Richmond,921-179-3270,Omari.Richmond@example.com,1987-11-13,San Diego,USA,True,True,True
612,Rabia,Parsons,244-470-8381,Rabia.Parsons@example.com,1985-11-18,Montreal,Canada,True,True,True
613,Larissa,Perez,742-168-6071,Larissa.Perez@example.com,1991-09-05,London,United Kingdom,True,True,True
614,Ibrahim,Robertson,603-299-3596,Ibrahim.Robertson@example.com,1992-07-13,Barcelona,Spain,True,True,True
615,Katelyn,Collins,878-870-9506,Katelyn.Collins@example.com,1988-06-01,San Diego,USA,True,True,True
616,Jerry,Whitney,990-444-7435,Jerry.Whitney@example.com,1999-03-22,San Francisco,USA,True,True,True
617,Beau,Duran,797-203-1866,Beau.Duran@example.com,1985-08-26,New York,USA,True,True,True
618,Janet,Hughes,194-769-6265,Janet.Hughes@example.com,1996-06-09,Los Angeles,USA,True,True,True
619,Ria,Ponce,547-111-1151,Ria.Ponce@example.com,2001-06-26,Chicago,USA,True,True,True
620,Neo,Lara,276-319-4768,Neo.Lara@example.com,2005-09-21,Toronto,Canada,True,True,True
621,Kiana,Carter,219-142-7516,Kiana.Carter@example.com,1990-05-04,San Diego,USA,True,True,True
622,Alexa,Baird,604-771-4056,Alexa.Baird@example.com,1992-08-18,San Francisco,USA,True,True,True
623,Ronald,Estes,328-873-2183,Ronald.Estes@example.com,1997-01-26,Chicago,USA,True,True,True
624,Nia,Adams,520-550-1148,Nia.Adams@example.com,1988-11-11,San Diego,USA,True,True,True
625,Diane,Kelly,219-449-5089,Diane.Kelly@example.com,1995-06-17,Montreal,Canada,True,True,True
626,Phoenix,Chapman,791-853-6464,Phoenix.Chapman@example.com,1978-03-23,Los Angeles,USA,True,True,True
627,Everly,Key,152-557-5017,Everly.Key@example.com,1986-09-13,New York,USA,True,True,True
628,Nancy,Stuart,301-686-1705,Nancy.Stuart@example.com,1966-05-19,Paris,France,False,True,False
629,Mae,Castro,714-485-2518,Mae.Castro@example.com,2007-07-21,San Francisco,USA,True,True,True
630,Harold,Sharpe,646-622-1082,Harold.Sharpe@example.com,1993-04-21,New York,USA,True,True,True
631,Brooklyn,Fowler,933-501-9509,Brooklyn.Fowler@example.com,1999-01-26,San Francisco,USA,True,True,True
632,Enya,Chen,266-343-6530,Enya.Chen@example.com,1985-05-27,Los Angeles,USA,True,True,True
633,Luisa,Fisher,510-167-1940,Luisa.Fisher@example.com,1997-08-09,San Diego,USA,True,True,True
634,Elodie,Flores,565-243-9336,Elodie.Flores@example.com,1992-07-06,San Francisco,USA,True,True,True
635,Hazel,Yoder,839-203-3903,Hazel.Yoder@example.com,2004-01-27,London,United Kingdom,True,True,True
636,Amber,Gonzalez,884-628-1984,Amber.Gonzalez@example.com,1994-07-05,London,United Kingdom,True,True,True
637,Juliet,Buck,499-242-5191,Juliet.Buck@example.com,1998-07-17,San Francisco,USA,True,True,True
638,Jamie,Berg,397-515-6866,Jamie.Berg@example.com,1992-11-15,Los Angeles,USA,True,True,True
639,Stella,Wilkinson,145-501-4975,Stella.Wilkinson@example.com,1997-03-07,Los Angeles,USA,True,True,True
640,Nadia,Wyatt,277-573-9871,Nadia.Wyatt@example.com,2001-06-23,San Diego,USA,True,True,True
641,Kacie,Morse,108-917-7237,Kacie.Morse@example.com,1989-03-15,Toronto,Canada,True,True,True
642,Seth,Walter,988-932-7592,Seth.Walter@example.com,1988-09-13,London,United Kingdom,True,True,True
643,Lauren,Ashley,564-133-8260,Lauren.Ashley@example.com,1999-03-12,London,United Kingdom,True,True,True
644,Wilfred,Michael,632-902-2453,Wilfred.Michael@example.com,1968-08-21,Chicago,USA,True,True,True
645,Gary,Richards,970-902-7934,Gary.Richards@example.com,1996-06-16,Toronto,Canada,True,True,True
646,Brittney,Ruiz,259-940-6592,Brittney.Ruiz@example.com,2004-11-11,San Francisco,USA,True,True,True
647,Jaxson,Moss,499-701-5813,Jaxson.Moss@example.com,2005-09-17,San Francisco,USA,True,True,True
648,Luna,Levy,855-484-1981,Luna.Levy@example.com,1962-10-16,San Francisco,USA,True,True,True
649,Zaynah,Wong,597-835-8978,Zaynah.Wong@example.com,1981-08-09,Paris,France,True,True,False
650,Cormac,Greer,722-120-7628,Cormac.Greer@example.com,1950-07-26,Paris,France,False,True,True
651,Jamil,Maldonado,424-799-2220,Jamil.Maldonado@example.com,2000-07-07,New York,USA,True,True,True
652,Dillon,Johnston,732-904-7872,Dillon.Johnston@example.com,1997-08-02,New York,USA,True,True,True
653,Lilli,Bowman,551-867-4367,Lilli.Bowman@example.com,2000-11-01,New York,USA,True,True,True
654,Dexter,Hartley,582-489-4208,Dexter.Hartley@example.com,1993-01-27,San Diego,USA,True,True,True
655,Hari,Everett,487-669-8884,Hari.Everett@example.com,1995-09-26,San Francisco,USA,True,True,True
656,Tomos,Velez,233-661-3978,Tomos.Velez@example.com,1988-03-16,Los Angeles,USA,True,True,True
657,Abu,Delacruz,401-411-2184,Abu.Delacruz@example.com,2003-12-25,New York,USA,True,True,True
658,Syeda,Calhoun,738-680-1717,Syeda.Calhoun@example.com,2000-08-13,Chicago,USA,True,True,True
659,Oliwier,Gill,902-175-4864,Oliwier.Gill@example.com,1996-07-30,San Diego,USA,True,True,True
660,Zayn,Kaufman,893-890-8415,Zayn.Kaufman@example.com,1987-09-14,Chicago,USA,True,True,True
661,Vera,Walker,516-811-2158,Vera.Walker@example.com,1957-02-01,London,United Kingdom,True,True,True
662,Anthony,Mccullough,330-176-2600,Anthony.Mccullough@example.com,1967-06-16,Chicago,USA,True,True,True
663,Rowan,Acevedo,223-620-9032,Rowan.Acevedo@example.com,2004-06-09,Los Angeles,USA,True,True,True
664,Zara,Oconnell,543-537-6044,Zara.Oconnell@example.com,2003-06-25,Toronto,Canada,True,True,True
665,Lucia,Cisneros,470-574-7167,Lucia.Cisneros@example.com,1992-11-08,San Francisco,USA,True,True,True
666,Julius,Donnelly,733-325-2658,Julius.Donnelly@example.com,1993-05-23,San Francisco,USA,True,True,True
667,Theresa,Bentley,553-407-1049,Theresa.Bentley@example.com,1993-06-02,San Francisco,USA,True,True,True
668,Joshua,Bonner,550-710-1849,Joshua.Bonner@example.com,1962-12-27,San Francisco,USA,True,True,True
669,Abdirahman,Marsh,653-601-4374,Abdirahman.Marsh@example.com,1985-06-28,Toronto,Canada,True,True,True
670,Jacob,Patton,914-260-3945,Jacob.Patton@example.com,1992-05-27,San Diego,USA,True,True,True
671,Alexander,Terry,480-560-1876,Alexander.Terry@example.com,1988-07-21,New York,USA,True,True,True
672,Kane,Huff,417-611-9319,Kane.Huff@example.com,1959-03-16,Chicago,USA,True,True,True
673,Sapphire,Hatfield,564-357-3504,Sapphire.Hatfield@example.com,1991-02-10,San Francisco,USA,True,True,True
674,Mahir,Cooper,829-570-7880,Mahir.Cooper@example.com,1986-12-02,San Francisco,USA,True,True,True
675,Tom,Tapia,439-227-1780,Tom.Tapia@example.com,1985-04-20,Chicago,USA,True,True,True
676,Oliwia,Harvey,143-701-8741,Oliwia.Harvey@example.com,1992-10-14,San Francisco,USA,True,True,True
677,Kelvin,Hendricks,767-726-4455,Kelvin.Hendricks@example.com,1996-02-25,San Diego,USA,True,True,True
678,Mustafa,Mason,866-179-9539,Mustafa.Mason@example.com,1993-05-05,Los Angeles,USA,True,True,True
679,Gabriela,Norton,138-968-6467,Gabriela.Norton@example.com,1993-11-23,Chicago,USA,True,True,True
680,Esha,Zuniga,807-517-9078,Esha.Zuniga@example.com,1997-07-31,Los Angeles,USA,True,True,True
681,Lucas,Burke,321-512-2703,Lucas.Burke@example.com,1985-02-21,Toronto,Canada,True,True,True
682,Laura,Valdez,766-901-1157,Laura.Valdez@example.com,1996-01-03,Los Angeles,USA,True,True,True
683,Irene,Kim,946-883-2145,Irene.Kim@example.com,1979-07-28,San Francisco,USA,True,True,True
684,Raheem,Ellis,491-961-7709,Raheem.Ellis@example.com,1985-09-02,Chicago,USA,True,True,True
685,Lisa,Mcclain,518-968-9659,Lisa.Mcclain@example.com,1991-06-14,New York,USA,True,True,True
686,Mohamed,Miller,883-481-7339,Mohamed.Miller@example.com,1999-02-15,San Diego,USA,True,True,True
687,Thea,Suarez,647-211-7337,Thea.Suarez@example.com,1993-10-01,Toronto,Canada,True,True,True
688,Leighton,Crane,372-753-5586,Leighton.Crane@example.com,1983-03-31,Los Angeles,USA,True,True,True
689,Kayla,Jones,579-756-1305,Kayla.Jones@example.com,1995-01-19,London,United Kingdom,True,True,True
690,Jessie,Noble,557-354-5286,Jessie.Noble@example.com,2004-04-05,San Francisco,USA,True,True,True
691,Brett,Landry,213-171-7560,Brett.Landry@example.com,1982-03-19,Barcelona,Spain,False,True,False
692,Azaan,Barker,326-267-7811,Azaan.Barker@example.com,1955-05-29,New York,USA,True,True,True
693,Jayden,Dunlap,626-458-8110,Jayden.Dunlap@example.com,2003-11-05,New York,USA,True,True,True
694,Richard,Pope,216-184-3684,Richard.Pope@example.com,1990-05-26,Los Angeles,USA,True,True,True
695,Xander,Levine,790-969-1579,Xander.Levine@example.com,1985-03-10,Toronto,Canada,True,True,True
696,Anais,Pineda,609-304-3412,Anais.Pineda@example.com,2006-02-27,New York,USA,True,True,True
697,Donald,Horne,738-911-3567,Donald.Horne@example.com,1986-11-28,San Francisco,USA,True,True,True
698,Arjun,Dejesus,693-790-8692,Arjun.Dejesus@example.com,1995-01-08,Chicago,USA,True,True,True
699,Jonathan,Klein,495-419-4637,Jonathan.Klein@example.com,1966-12-12,Los Angeles,USA,True,True,True
700,Dante,Burgess,222-241-4261,Dante.Burgess@example.com,2001-11-24,San Diego,USA,True,True,True
701,Tamsin,Stein,953-386-1321,Tamsin.Stein@example.com,1968-06-16,Los Angeles,USA,True,True,True
702,Brayden,Patrick,173-881-1582,Brayden.Patrick@example.com,1997-04-05,Los Angeles,USA,True,True,True
703,Wade,Hancock,245-455-9119,Wade.Hancock@example.com,2006-01-04,London,United Kingdom,True,True,True
704,Nicholas,Thomson,936-615-3052,Nicholas.Thomson@example.com,1993-08-17,Toronto,Canada,True,True,True
705,Vincent,Garrison,598-173-8153,Vincent.Garrison@example.com,1975-10-26,Chicago,USA,True,True,True
706,Elisha,Garza,313-206-2033,Elisha.Garza@example.com,2002-07-04,Los Angeles,USA,True,True,True
707,Muhammad,Henry,298-612-6847,Muhammad.Henry@example.com,1944-10-24,Paris,France,True,True,True
708,Enzo,Whitney,565-709-5636,Enzo.Whitney@example.com,1999-12-08,Chicago,USA,True,True,True
709,Stacey,Daniel,246-819-8817,Stacey.Daniel@example.com,1991-03-23,San Diego,USA,True,True,True
710,Candice,Moyer,964-229-5609,Candice.Moyer@example.com,1991-12-20,San Francisco,USA,True,True,True
711,Calvin,Tucker,338-784-4359,Calvin.Tucker@example.com,1991-07-08,San Diego,USA,True,True,True
712,Bronte,Mendoza,323-783-6615,Bronte.Mendoza@example.com,1993-03-10,Toronto,Canada,True,True,True
713,Ameer,Orr,993-387-9130,Ameer.Orr@example.com,1986-11-07,Chicago,USA,True,True,True
714,Isla,Barber,860-505-2643,Isla.Barber@example.com,1985-10-03,Toronto,Canada,True,True,True
715,Oliver,Garner,937-976-2511,Oliver.Garner@example.com,1996-11-29,Paris,France,False,True,True
716,Barnaby,Wagner,974-500-4168,Barnaby.Wagner@example.com,1960-05-06,Montreal,Canada,True,True,True
717,Barry,Taylor,999-341-2797,Barry.Taylor@example.com,1998-09-27,San Francisco,USA,True,True,True
718,Esme,Reeves,151-285-9583,Esme.Reeves@example.com,1989-02-09,Chicago,USA,True,True,True
719,Marnie,White,267-434-1395,Marnie.White@example.com,2001-10-08,San Francisco,USA,True,True,True
720,Giovanni,Duncan,679-161-6360,Giovanni.Duncan@example.com,2003-03-18,New York,USA,True,True,True
721,Hannah,Roman,331-750-4621,Hannah.Roman@example.com,1986-03-01,London,United Kingdom,True,True,True
722,Nannie,Hunt,290-190-1157,Nannie.Hunt@example.com,1985-02-16,Chicago,USA,True,True,True
723,Yash,Mcleod,270-525-3291,Yash.Mcleod@example.com,2007-08-21,London,United Kingdom,True,True,True
724,Mae,Barry,501-577-5306,Mae.Barry@example.com,1987-08-22,London,United Kingdom,True,True,True
725,Dylan,York,832-799-7454,Dylan.York@example.com,1986-12-11,Chicago,USA,True,True,True
726,Aya,Weeks,466-888-7144,Aya.Weeks@example.com,1972-05-10,Toronto,Canada,True,True,True
727,Dawn,Cisneros,375-337-2745,Dawn.Cisneros@example.com,1966-02-07,Toronto,Canada,True,True,True
728,Rohan,Figueroa,542-617-7442,Rohan.Figueroa@example.com,1989-12-25,New York,USA,True,True,True
729,Abigail,Medina,857-602-1192,Abigail.Medina@example.com,1999-02-05,London,United Kingdom,True,True,True
730,Rhodri,Haley,574-869-4715,Rhodri.Haley@example.com,2005-07-29,London,United Kingdom,True,True,True
731,Denzel,Black,677-290-8939,Denzel.Black@example.com,1996-11-24,San Francisco,USA,True,True,True
732,Sienna,Howard,835-486-5256,Sienna.Howard@example.com,1971-07-11,Los Angeles,USA,True,True,True
733,Fahad,Gill,796-816-9963,Fahad.Gill@example.com,2001-07-13,Chicago,USA,True,True,True
734,Harun,Clark,853-267-3048,Harun.Clark@example.com,1996-11-30,San Francisco,USA,True,True,True
735,Shane,Wheeler,315-892-7127,Shane.Wheeler@example.com,2003-07-21,Los Angeles,USA,True,True,True
736,Chantelle,Holt,256-585-1002,Chantelle.Holt@example.com,1992-05-09,Paris,France,True,False,True
737,Kiara,Bell,614-291-6530,Kiara.Bell@example.com,1993-01-02,San Francisco,USA,True,True,True
738,Gertrude,Mcgrath,364-150-1035,Gertrude.Mcgrath@example.com,1970-12-11,Toronto,Canada,True,True,True
739,Lewis,Brooks,737-205-4525,Lewis.Brooks@example.com,2004-04-27,New York,USA,True,True,True
740,Khalid,Burke,973-766-4810,Khalid.Burke@example.com,1989-03-21,Chicago,USA,True,True,True
741,Millicent,Solomon,597-434-8108,Millicent.Solomon@example.com,1992-01-23,Paris,France,False,True,True
742,Kieran,Hoover,101-165-2021,Kieran.Hoover@example.com,1997-01-17,New York,USA,True,True,True
743,Wendy,Mcclure,830-402-9784,Wendy.Mcclure@example.com,2001-01-09,San Diego,USA,True,True,True
744,Haydn,Ramos,354-376-9233,Haydn.Ramos@example.com,1998-02-21,Los Angeles,USA,True,True,True
745,Nettie,Bryan,274-274-8873,Nettie.Bryan@example.com,1986-11-03,Chicago,USA,True,True,True
746,Isabelle,Jenkins,724-444-3001,Isabelle.Jenkins@example.com,1999-05-06,San Diego,USA,True,True,True
747,Tia,Ali,507-663-5326,Tia.Ali@example.com,2006-10-04,San Francisco,USA,True,True,True
748,Montgomery,Davila,267-999-7224,Montgomery.Davila@example.com,1999-03-13,New York,USA,True,True,True
749,Tobias,Beltran,598-751-1029,Tobias.Beltran@example.com,1991-04-30,Chicago,USA,True,True,True
750,Yusuf,Dickerson,502-896-9441,Yusuf.Dickerson@example.com,1974-10-23,San Francisco,USA,True,True,True
751,Holly,Dillon,662-944-2078,Holly.Dillon@example.com,1990-05-02,San Diego,USA,True,True,True
752,Marwa,Dennis,444-295-8051,Marwa.Dennis@example.com,1996-12-04,Chicago,USA,True,True,True
753,Anais,Ball,802-416-6545,Anais.Ball@example.com,1987-06-03,San Diego,USA,True,True,True
754,Adem,Kerr,219-873-6077,Adem.Kerr@example.com,1995-11-17,Toronto,Canada,True,True,True
755,Amie,Hood,659-426-4878,Amie.Hood@example.com,1985-01-25,Los Angeles,USA,True,True,True
756,Herbie,Huber,562-925-1087,Herbie.Huber@example.com,1963-07-15,New York,USA,True,True,True
757,Bill,Andersen,962-770-1270,Bill.Andersen@example.com,2004-07-28,Toronto,Canada,True,True,True
758,Halima,Maldonado,831-743-6220,Halima.Maldonado@example.com,1988-04-04,San Francisco,USA,True,True,True
759,Martina,Steele,349-841-5113,Martina.Steele@example.com,1995-09-06,Paris,France,False,False,True
760,Bertie,Cobb,171-373-6091,Bertie.Cobb@example.com,2001-04-26,San Francisco,USA,True,True,True
761,Gordon,Morales,973-462-1199,Gordon.Morales@example.com,1996-08-25,Chicago,USA,True,True,True
762,Frederick,Everett,262-696-7077,Frederick.Everett@example.com,1971-10-13,San Francisco,USA,True,True,True
763,Huda,Crane,243-321-6881,Huda.Crane@example.com,1988-05-04,Toronto,Canada,True,True,True
764,Cecily,Escobar,840-532-1467,Cecily.Escobar@example.com,1990-11-28,New York,USA,True,True,True
765,Amir,Blackwell,291-386-7567,Amir.Blackwell@example.com,1986-07-09,San Francisco,USA,True,True,True
766,Sasha,Berger,492-295-4570,Sasha.Berger@example.com,1994-01-27,London,United Kingdom,True,True,True
767,Lina,Trujillo,351-538-5203,Lina.Trujillo@example.com,1999-02-07,San Francisco,USA,True,True,True
768,Caleb,Obrien,223-387-1014,Caleb.Obrien@example.com,1994-09-03,Toronto,Canada,True,True,True
769,Marilyn,Scott,360-359-2274,Marilyn.Scott@example.com,1990-06-05,San Francisco,USA,True,True,True
770,Jannat,Landry,754-634-9309,Jannat.Landry@example.com,2006-03-02,Los Angeles,USA,True,True,True
771,Kristen,Curry,473-371-9332,Kristen.Curry@example.com,1955-05-05,San Francisco,USA,True,True,True
772,Rajan,Dickson,372-775-6929,Rajan.Dickson@example.com,1994-07-23,San Diego,USA,True,True,True
773,Luqman,Larson,100-329-7363,Luqman.Larson@example.com,1960-05-24,San Francisco,USA,True,True,True
774,Bryan,Powell,235-538-4936,Bryan.Powell@example.com,1989-06-07,San Francisco,USA,True,True,True
775,Haider,Lynn,796-196-9713,Haider.Lynn@example.com,1985-08-27,San Francisco,USA,True,True,True
776,Jennie,Freeman,396-732-6980,Jennie.Freeman@example.com,1985-06-13,Chicago,USA,True,True,True
777,Mohsin,Conley,979-201-3101,Mohsin.Conley@example.com,2004-01-24,San Francisco,USA,True,True,True
778,Willow,Buck,472-603-6198,Willow.Buck@example.com,1993-03-16,San Francisco,USA,True,True,True
779,Krish,Hutchinson,405-788-7051,Krish.Hutchinson@example.com,1987-06-01,London,United Kingdom,True,True,True
780,Madeline,Mann,441-188-5776,Madeline.Mann@example.com,1990-04-28,New York,USA,True,True,True
781,Mari,Phillips,301-646-5827,Mari.Phillips@example.com,1993-09-13,Los Angeles,USA,True,True,True
782,Paula,West,345-217-2266,Paula.West@example.com,1990-05-12,London,United Kingdom,True,True,True
783,Saira,Lewis,921-562-9790,Saira.Lewis@example.com,2002-11-25,New York,USA,True,True,True
784,Tiana,Decker,255-136-3687,Tiana.Decker@example.com,2002-06-30,London,United Kingdom,True,True,True
785,Kara,Shelton,837-651-6819,Kara.Shelton@example.com,1946-05-22,Paris,France,True,True,True
786,Earl,Vargas,821-464-7474,Earl.Vargas@example.com,1985-04-05,San Francisco,USA,True,True,True
787,Delilah,Wu,668-572-6520,Delilah.Wu@example.com,1964-01-31,Los Angeles,USA,True,True,True
788,Ted,Eaton,534-915-3617,Ted.Eaton@example.com,1982-05-13,Paris,France,False,False,True
789,Lloyd,Wise,521-580-3829,Lloyd.Wise@example.com,1998-12-09,San Francisco,USA,True,True,True
790,Alex,Alexander,489-290-8290,Alex.Alexander@example.com,2000-07-30,San Francisco,USA,True,True,True
791,Aoife,Davidson,628-333-9139,Aoife.Davidson@example.com,1993-02-04,London,United Kingdom,True,True,True
792,Emilie,Frye,193-516-9014,Emilie.Frye@example.com,2003-08-22,San Francisco,USA,True,True,True
793,Elif,Hopkins,953-491-9939,Elif.Hopkins@example.com,1985-12-04,New York,USA,True,True,True
794,Hazel,Watson,349-725-3565,Hazel.Watson@example.com,2000-09-29,New York,USA,True,True,True
795,Jonathan,David,815-636-7913,Jonathan.David@example.com,2000-01-09,San Francisco,USA,True,True,True
796,Robbie,Hardy,950-716-3630,Robbie.Hardy@example.com,1992-10-01,Chicago,USA,True,True,True
797,Lilian,Strickland,925-438-1993,Lilian.Strickland@example.com,2001-12-24,Toronto,Canada,True,True,True
798,Brenda,Deleon,997-981-2043,Brenda.Deleon@example.com,1957-06-14,Paris,France,False,True,False
799,Richard,Jones,478-814-3941,Richard.Jones@example.com,1995-02-24,San Francisco,USA,True,True,True
800,Olivier,Thornton,401-494-6634,Olivier.Thornton@example.com,1977-04-09,Montreal,Canada,True,True,True
801,Gabriel,Mccormick,903-845-9623,Gabriel.Mccormick@example.com,1992-06-30,New York,USA,True,True,True
802,Eleni,Maxwell,449-237-4755,Eleni.Maxwell@example.com,1988-02-10,San Diego,USA,True,True,True
803,Susan,Fowler,305-117-8580,Susan.Fowler@example.com,1988-08-23,San Diego,USA,True,True,True
804,Amin,Petersen,680-177-1233,Amin.Petersen@example.com,1993-06-03,London,United Kingdom,True,True,True
805,Gareth,Sanford,161-842-7749,Gareth.Sanford@example.com,1998-12-01,Chicago,USA,True,True,True
806,Miriam,Stuart,846-333-2100,Miriam.Stuart@example.com,1983-02-17,Montreal,Canada,True,True,True
807,Polly,Mendez,916-453-8696,Polly.Mendez@example.com,1988-10-09,San Francisco,USA,True,True,True
808,Omer,Kemp,857-531-3045,Omer.Kemp@example.com,2000-12-25,San Francisco,USA,True,True,True
809,Abdullahi,Carson,632-547-8327,Abdullahi.Carson@example.com,1985-08-11,Toronto,Canada,True,True,True
810,Syed,Mooney,348-929-4959,Syed.Mooney@example.com,1990-10-17,San Francisco,USA,True,True,True
811,Dante,Moon,285-551-6208,Dante.Moon@example.com,1956-09-27,New York,USA,True,True,True
812,Saad,Ali,185-189-3978,Saad.Ali@example.com,2001-12-21,San Francisco,USA,True,True,True
813,Arthur,Hebert,203-343-2956,Arthur.Hebert@example.com,2007-02-08,New York,USA,True,True,True
814,Demi,Patel,703-829-8473,Demi.Patel@example.com,1992-10-05,Los Angeles,USA,True,True,True
815,Aurora,Andrews,353-307-2005,Aurora.Andrews@example.com,1999-04-02,San Diego,USA,True,True,True
816,Albie,Larson,252-910-3152,Albie.Larson@example.com,1984-11-24,Barcelona,Spain,True,True,False
817,Renee,Mullen,185-170-8307,Renee.Mullen@example.com,2006-10-28,San Diego,USA,True,True,True
818,Alexander,Reid,842-314-3728,Alexander.Reid@example.com,1988-02-09,Montreal,Canada,True,True,True
819,Dewey,Lucas,323-234-9528,Dewey.Lucas@example.com,1993-10-18,San Francisco,USA,True,True,True
820,Wilbur,Hicks,979-216-9924,Wilbur.Hicks@example.com,2003-06-19,San Diego,USA,True,True,True
821,Riley,Fletcher,522-750-5985,Riley.Fletcher@example.com,1996-12-18,London,United Kingdom,True,True,True
822,Marissa,Hayes,365-359-3043,Marissa.Hayes@example.com,1973-01-28,San Francisco,USA,True,True,True
823,Juliette,Gordon,424-534-2837,Juliette.Gordon@example.com,1993-02-08,Chicago,USA,True,True,True
824,Dan,Bates,944-189-5693,Dan.Bates@example.com,1988-06-16,San Francisco,USA,True,True,True
825,Chiara,Ho,279-331-5254,Chiara.Ho@example.com,1992-08-18,Montreal,Canada,True,True,True
826,Sinead,Montes,711-829-6800,Sinead.Montes@example.com,1989-10-11,New York,USA,True,True,True
827,Laurence,Graves,609-435-5709,Laurence.Graves@example.com,2002-10-27,Los Angeles,USA,True,True,True
828,Nora,Donaldson,414-618-5713,Nora.Donaldson@example.com,1998-11-13,San Diego,USA,True,True,True
829,Ismaeel,Schmidt,110-478-3409,Ismaeel.Schmidt@example.com,1993-02-07,Los Angeles,USA,True,True,True
830,Adem,Mccoy,885-779-4082,Adem.Mccoy@example.com,1996-07-13,San Francisco,USA,True,True,True
831,Angel,Browning,768-205-1455,Angel.Browning@example.com,1961-07-19,Los Angeles,USA,True,True,True
832,Mabel,Foley,417-857-9143,Mabel.Foley@example.com,1997-02-16,New York,USA,True,True,True
833,Hayley,Montoya,672-566-6794,Hayley.Montoya@example.com,1991-08-16,New York,USA,True,True,True
834,Arnold,Spencer,962-701-8237,Arnold.Spencer@example.com,1992-02-22,San Francisco,USA,True,True,True
835,Russell,Carlson,635-758-7564,Russell.Carlson@example.com,1995-08-09,San Francisco,USA,True,True,True
836,Sasha,Ponce,746-650-5343,Sasha.Ponce@example.com,1987-02-22,New York,USA,True,True,True
837,Izaak,Welsh,280-473-9965,Izaak.Welsh@example.com,1989-10-11,Los Angeles,USA,True,True,True
838,Aisha,Sosa,964-448-9785,Aisha.Sosa@example.com,1990-07-17,New York,USA,True,True,True
839,Keeley,Mills,123-972-2938,Keeley.Mills@example.com,1987-07-18,New York,USA,True,True,True
840,Mason,Kelley,185-970-1196,Mason.Kelley@example.com,1967-05-05,San Francisco,USA,True,True,True
841,Khalid,Davies,191-582-9251,Khalid.Davies@example.com,1995-12-17,San Francisco,USA,True,True,True
842,Nancy,Blair,434-174-7916,Nancy.Blair@example.com,1996-05-17,Toronto,Canada,True,True,True
843,Tiffany,Griffith,201-302-5165,Tiffany.Griffith@example.com,1950-10-01,Paris,France,True,False,False
844,Marnie,Sheppard,576-261-4653,Marnie.Sheppard@example.com,1985-03-16,Los Angeles,USA,True,True,True
845,Valerie,Bright,838-333-3237,Valerie.Bright@example.com,1987-05-22,Los Angeles,USA,True,True,True
846,John,Mason,768-888-3211,John.Mason@example.com,1985-02-09,San Diego,USA,True,True,True
847,Hamish,Khan,609-154-4773,Hamish.Khan@example.com,1993-11-17,Los Angeles,USA,True,True,True
848,Charis,Bray,175-925-8526,Charis.Bray@example.com,1994-08-23,Los Angeles,USA,True,True,True
849,Soraya,Bradford,951-513-3667,Soraya.Bradford@example.com,1991-01-04,Chicago,USA,True,True,True
850,Taylor,Woods,294-365-8364,Taylor.Woods@example.com,2003-07-14,Chicago,USA,True,True,True
851,Eshal,Carpenter,918-191-3394,Eshal.Carpenter@example.com,2005-08-09,Chicago,USA,True,True,True
852,Evelyn,Cross,312-643-8868,Evelyn.Cross@example.com,1965-03-11,San Francisco,USA,True,True,True
853,Chester,Bell,501-541-1518,Chester.Bell@example.com,1994-09-03,New York,USA,True,True,True
854,Ffion,Knight,233-159-4158,Ffion.Knight@example.com,1988-06-12,San Diego,USA,True,True,True
855,Yaseen,Kennedy,778-172-1502,Yaseen.Kennedy@example.com,1985-10-22,Chicago,USA,True,True,True
856,Maisie,Cunningham,389-110-9784,Maisie.Cunningham@example.com,2005-07-21,Los Angeles,USA,True,True,True
857,Clementine,Beck,607-793-6646,Clementine.Beck@example.com,1994-10-31,San Diego,USA,True,True,True
858,Simon,Santiago,471-290-4198,Simon.Santiago@example.com,2001-01-25,Paris,France,True,False,True
859,Sameer,Watkins,982-313-9358,Sameer.Watkins@example.com,2001-10-09,Montreal,Canada,True,True,True
860,Anton,Hartman,708-986-9234,Anton.Hartman@example.com,1986-12-29,London,United Kingdom,True,True,True
861,Deacon,Boone,950-335-6994,Deacon.Boone@example.com,1991-12-21,New York,USA,True,True,True
862,Alexandros,Ryan,849-570-8792,Alexandros.Ryan@example.com,1987-12-11,Los Angeles,USA,True,True,True
863,Mya,Delgado,760-931-9269,Mya.Delgado@example.com,1991-05-04,London,United Kingdom,True,True,True
864,Asia,Holloway,512-876-7834,Asia.Holloway@example.com,1996-08-04,Los Angeles,USA,True,True,True
865,Christina,Blanchard,420-887-3636,Christina.Blanchard@example.com,2003-09-03,New York,USA,True,True,True
866,Emelia,Bridges,347-640-5509,Emelia.Bridges@example.com,1987-10-06,San Diego,USA,True,True,True
867,Ioan,Harrington,803-120-2281,Ioan.Harrington@example.com,1989-12-26,San Diego,USA,True,True,True
868,Cecilia,David,919-925-5280,Cecilia.David@example.com,1964-02-13,New York,USA,True,True,True
869,Bibi,Weaver,956-787-2725,Bibi.Weaver@example.com,1974-03-29,Paris,France,True,True,False
870,Stacey,Manning,981-952-6391,Stacey.Manning@example.com,1993-12-03,Los Angeles,USA,True,True,True
871,Ronnie,Burch,184-620-1928,Ronnie.Burch@example.com,1995-11-28,San Diego,USA,True,True,True
872,Tomasz,Baker,778-642-7614,Tomasz.Baker@example.com,1987-07-14,Barcelona,Spain,True,False,True
873,Luke,Graham,132-159-2485,Luke.Graham@example.com,1988-06-18,San Diego,USA,True,True,True
874,Alasdair,Mckinney,608-300-8331,Alasdair.Mckinney@example.com,2007-02-20,Montreal,Canada,True,True,True
875,Cayden,Walls,355-649-8007,Cayden.Walls@example.com,1993-08-17,San Francisco,USA,True,True,True
876,Serena,Lewis,730-187-7131,Serena.Lewis@example.com,1986-12-14,Montreal,Canada,True,True,True
877,Drew,Orozco,531-709-2553,Drew.Orozco@example.com,1996-06-25,San Diego,USA,True,True,True
878,Mateo,Francis,508-390-8347,Mateo.Francis@example.com,2005-08-01,Los Angeles,USA,True,True,True
879,Lucy,Fuentes,427-948-5524,Lucy.Fuentes@example.com,2001-03-14,New York,USA,True,True,True
880,Pippa,Harding,419-183-4778,Pippa.Harding@example.com,1990-08-22,Chicago,USA,True,True,True
881,Kathleen,Carter,210-798-9930,Kathleen.Carter@example.com,1973-09-01,San Francisco,USA,True,True,True
882,Josie,Holt,745-483-6160,Josie.Holt@example.com,1986-06-13,Los Angeles,USA,True,True,True
883,Daniela,James,716-145-3987,Daniela.James@example.com,1999-12-30,San Francisco,USA,True,True,True
884,Randy,Sparks,339-468-1078,Randy.Sparks@example.com,1990-11-28,New York,USA,True,True,True
885,Omar,Ashley,156-912-7263,Omar.Ashley@example.com,1995-05-05,Los Angeles,USA,True,True,True
886,Zachary,Lawson,655-475-1852,Zachary.Lawson@example.com,1995-06-19,San Diego,USA,True,True,True
887,Samson,Berger,815-817-9902,Samson.Berger@example.com,1986-04-29,San Francisco,USA,True,True,True
888,Liana,Baldwin,736-366-9050,Liana.Baldwin@example.com,1979-11-24,San Diego,USA,True,True,True
889,Lucas,Mcdowell,841-580-6320,Lucas.Mcdowell@example.com,1988-01-15,Chicago,USA,True,True,True
890,Ahmad,Landry,207-841-9893,Ahmad.Landry@example.com,1970-10-31,Los Angeles,USA,True,True,True
891,Cordelia,Serrano,950-319-1013,Cordelia.Serrano@example.com,2000-12-26,London,United Kingdom,True,True,True
892,Sydney,Pratt,297-838-1084,Sydney.Pratt@example.com,1992-12-26,Toronto,Canada,True,True,True
893,Benjamin,Riddle,835-645-8652,Benjamin.Riddle@example.com,2007-10-02,Toronto,Canada,True,True,True
894,Kyran,Foster,362-464-9875,Kyran.Foster@example.com,1990-04-11,Chicago,USA,True,True,True
895,Kamil,Guzman,641-829-6099,Kamil.Guzman@example.com,1992-12-09,San Francisco,USA,True,True,True
896,Jordanne,Juarez,376-601-8743,Jordanne.Juarez@example.com,1964-06-09,San Francisco,USA,True,True,True
897,Zoe,Decker,197-454-9658,Zoe.Decker@example.com,1988-10-27,Los Angeles,USA,True,True,True
898,Alana,Koch,576-828-7913,Alana.Koch@example.com,1966-10-07,Barcelona,Spain,False,True,True
899,Frankie,Jenkins,301-409-5419,Frankie.Jenkins@example.com,1989-08-23,San Francisco,USA,True,True,True
900,Zane,Oconnor,108-772-5524,Zane.Oconnor@example.com,1991-11-11,Chicago,USA,True,True,True
901,Lily-May,Horne,564-761-8451,Lily-May.Horne@example.com,1996-06-09,Los Angeles,USA,True,True,True
902,Mitchell,Murray,939-709-6815,Mitchell.Murray@example.com,1991-03-01,San Francisco,USA,True,True,True
903,Dominik,Velez,149-740-6115,Dominik.Velez@example.com,1996-09-18,San Francisco,USA,True,True,True
904,Martin,Perry,586-420-6418,Martin.Perry@example.com,1977-01-22,Paris,France,True,True,False
905,Cory,Case,406-161-3681,Cory.Case@example.com,1996-10-21,London,United Kingdom,True,True,True
906,Astrid,Miles,473-411-8478,Astrid.Miles@example.com,1944-11-06,Paris,France,False,True,True
907,Samia,Bradley,363-816-6259,Samia.Bradley@example.com,1995-09-07,San Diego,USA,True,True,True
908,Nataniel,Glenn,504-112-5228,Nataniel.Glenn@example.com,1995-10-12,Los Angeles,USA,True,True,True
909,Tyler,Vasquez,899-668-7177,Tyler.Vasquez@example.com,1991-03-13,London,United Kingdom,True,True,True
910,Everly,Chaney,184-294-5435,Everly.Chaney@example.com,1986-11-14,San Francisco,USA,True,True,True
911,Sapphire,Lane,847-138-8647,Sapphire.Lane@example.com,1989-01-05,Chicago,USA,True,True,True
912,Junaid,Fletcher,677-571-4277,Junaid.Fletcher@example.com,1994-07-16,Los Angeles,USA,True,True,True
913,Ricardo,Odling,218-272-9415,Ricardo.Odling@example.com,1969-07-29,New York,USA,True,True,True
914,Nancy,Sharp,723-866-1140,Nancy.Sharp@example.com,1987-12-30,Los Angeles,USA,True,True,True
915,Barry,Buck,667-391-6777,Barry.Buck@example.com,2007-10-17,San Francisco,USA,True,True,True
916,Mya,Ho,448-770-8204,Mya.Ho@example.com,1993-05-30,San Francisco,USA,True,True,True
917,Carol,Russo,192-156-9508,Carol.Russo@example.com,1993-10-03,Toronto,Canada,True,True,True
918,William,Franco,196-468-3312,William.Franco@example.com,1986-10-17,Toronto,Canada,True,True,True
919,Ayesha,Underwood,687-284-9762,Ayesha.Underwood@example.com,1967-09-19,San Francisco,USA,True,True,True
920,Kamil,Bernard,400-528-1349,Kamil.Bernard@example.com,1997-05-18,San Francisco,USA,True,True,True
921,Hollie,Escobar,978-312-6279,Hollie.Escobar@example.com,1973-10-05,London,United Kingdom,True,True,True
922,Luisa,Haley,916-879-3164,Luisa.Haley@example.com,1953-07-11,Barcelona,Spain,False,True,True
923,Russell,Long,399-959-7203,Russell.Long@example.com,2002-08-14,Montreal,Canada,True,True,True
924,Kendra,Francis,680-603-3144,Kendra.Francis@example.com,1987-02-22,San Francisco,USA,True,True,True
925,Yasmine,Scott,300-321-6761,Yasmine.Scott@example.com,1977-06-02,San Diego,USA,True,True,True
926,Ann,John,814-362-6094,Ann.John@example.com,2005-06-28,San Francisco,USA,True,True,True
927,Alejandro,Kent,915-320-3214,Alejandro.Kent@example.com,2001-03-02,Chicago,USA,True,True,True
928,Hanna,Knight,249-198-1689,Hanna.Knight@example.com,2001-10-29,San Diego,USA,True,True,True
929,Alannah,Perkins,705-521-6039,Alannah.Perkins@example.com,1987-03-26,Chicago,USA,True,True,True
930,Christina,Mays,333-143-8841,Christina.Mays@example.com,1994-04-16,San Francisco,USA,True,True,True
931,Tori,Rowland,372-470-9101,Tori.Rowland@example.com,1967-05-24,San Diego,USA,True,True,True
932,Ayden,Valentine,208-392-1702,Ayden.Valentine@example.com,1995-06-15,San Francisco,USA,True,True,True
933,Kaine,Blankenship,294-274-7917,Kaine.Blankenship@example.com,2003-05-17,San Diego,USA,True,True,True
934,Alessandro,French,216-516-1958,Alessandro.French@example.com,1956-12-13,San Diego,USA,True,True,True
935,Chloe,Mullen,723-357-7363,Chloe.Mullen@example.com,2001-07-30,New York,USA,True,True,True
936,Ted,Wiggins,153-176-3641,Ted.Wiggins@example.com,1957-12-02,San Diego,USA,True,True,True
937,Nina,Mathews,863-385-2205,Nina.Mathews@example.com,1996-05-07,New York,USA,True,True,True
938,Alisha,Hoover,500-251-7080,Alisha.Hoover@example.com,1990-05-07,San Diego,USA,True,True,True
939,Alyssa,Bradshaw,606-353-8050,Alyssa.Bradshaw@example.com,1969-03-14,San Diego,USA,True,True,True
940,Marilyn,Hart,635-581-5074,Marilyn.Hart@example.com,1992-11-17,Los Angeles,USA,True,True,True
941,Connor,Neal,189-827-7386,Connor.Neal@example.com,1986-02-08,Chicago,USA,True,True,True
942,Cai,Rowe,263-391-9368,Cai.Rowe@example.com,1998-07-26,New York,USA,True,True,True
943,Delores,Carroll,778-532-2184,Delores.Carroll@example.com,1992-12-21,Chicago,USA,True,True,True
944,Hiba,Hicks,640-390-3390,Hiba.Hicks@example.com,2004-06-16,Chicago,USA,True,True,True
945,Elisha,Owens,195-699-1871,Elisha.Owens@example.com,1998-08-23,Los Angeles,USA,True,True,True
946,Lacie,Mayer,412-562-8215,Lacie.Mayer@example.com,1989-02-02,Toronto,Canada,True,True,True
947,Isra,Burgess,142-470-3907,Isra.Burgess@example.com,2004-04-18,San Diego,USA,True,True,True
948,Kobe,Knapp,911-288-9695,Kobe.Knapp@example.com,1990-05-26,Los Angeles,USA,True,True,True
949,Sufyaan,Villanueva,882-282-1419,Sufyaan.Villanueva@example.com,1996-10-16,Toronto,Canada,True,True,True
950,Meredith,Reyes,680-737-7650,Meredith.Reyes@example.com,1956-12-15,New York,USA,True,True,True
951,Chelsea,Proctor,256-560-3458,Chelsea.Proctor@example.com,2002-08-24,Chicago,USA,True,True,True
952,Humaira,Quinn,623-887-1255,Humaira.Quinn@example.com,1995-08-14,London,United Kingdom,True,True,True
953,Zaynab,Davila,767-906-5124,Zaynab.Davila@example.com,1987-04-14,Toronto,Canada,True,True,True
954,Aston,Villegas,553-640-6714,Aston.Villegas@example.com,1956-11-28,Los Angeles,USA,True,True,True
955,Stuart,Clements,104-221-4124,Stuart.Clements@example.com,1992-02-17,New York,USA,True,True,True
956,Zakariya,Stuart,192-776-4957,Zakariya.Stuart@example.com,1992-02-12,Los Angeles,USA,True,True,True
957,Effie,Jordan,778-566-2709,Effie.Jordan@example.com,1995-01-27,San Francisco,USA,True,True,True
958,Luna,Fowler,137-365-6816,Luna.Fowler@example.com,1991-12-25,Los Angeles,USA,True,True,True
959,Haydn,Contreras,694-921-2135,Haydn.Contreras@example.com,2007-12-27,Chicago,USA,True,True,True
960,Lewis,Mcmahon,682-426-4872,Lewis.Mcmahon@example.com,1994-09-02,San Francisco,USA,True,True,True
961,Tobias,Schultz,995-854-2821,Tobias.Schultz@example.com,1993-09-23,Los Angeles,USA,True,True,True
962,Isobella,Gilbert,717-961-9368,Isobella.Gilbert@example.com,1952-04-28,Barcelona,Spain,True,False,True
963,Billy,Norton,816-614-5153,Billy.Norton@example.com,2000-01-05,Chicago,USA,True,True,True
964,Colby,Harding,584-554-7060,Colby.Harding@example.com,1997-08-05,San Francisco,USA,True,True,True
965,Renee,Arroyo,706-663-4493,Renee.Arroyo@example.com,1985-02-06,Los Angeles,USA,True,True,True
966,Marjorie,Munoz,385-637-4138,Marjorie.Munoz@example.com,1998-02-22,Los Angeles,USA,True,True,True
967,Emilio,Stevenson,293-399-2353,Emilio.Stevenson@example.com,1989-06-03,Toronto,Canada,True,True,True
968,Roosevelt,Huff,348-716-1274,Roosevelt.Huff@example.com,1996-11-24,New York,USA,True,True,True
969,Layla,Roth,812-207-8855,Layla.Roth@example.com,2003-10-16,Montreal,Canada,True,True,True
970,Qasim,Bullock,392-468-4297,Qasim.Bullock@example.com,1995-08-14,Chicago,USA,True,True,True
971,Kyran,Duncan,433-632-3326,Kyran.Duncan@example.com,1994-11-18,New York,USA,True,True,True
972,Rhiannon,Vaughan,206-626-6238,Rhiannon.Vaughan@example.com,1965-12-18,Chicago,USA,True,True,True
973,Jean,Winters,526-938-2752,Jean.Winters@example.com,1994-02-14,San Diego,USA,True,True,True
974,Jared,Hamilton,642-707-7765,Jared.Hamilton@example.com,2007-10-29,New York,USA,True,True,True
975,Zachary,Rubio,971-477-1542,Zachary.Rubio@example.com,2004-06-10,Montreal,Canada,True,True,True
976,Marnie,Mayo,725-331-2757,Marnie.Mayo@example.com,2002-02-13,San Diego,USA,True,True,True
977,Anita,Skinner,885-134-1740,Anita.Skinner@example.com,1957-12-20,Barcelona,Spain,True,True,False
978,Zain,Haney,206-514-3761,Zain.Haney@example.com,1991-12-20,New York,USA,True,True,True
979,Myrtle,Bradford,960-593-3677,Myrtle.Bradford@example.com,1991-04-16,San Diego,USA,True,True,True
980,Kacie,Lester,673-651-6332,Kacie.Lester@example.com,1994-07-20,Toronto,Canada,True,True,True
981,Gwen,Norris,699-606-9952,Gwen.Norris@example.com,1999-05-03,San Diego,USA,True,True,True
982,Myles,Sharpe,420-682-4722,Myles.Sharpe@example.com,1997-05-04,Toronto,Canada,True,True,True
983,Nicola,Davenport,335-679-5225,Nicola.Davenport@example.com,1998-09-28,Toronto,Canada,True,True,True
984,Adrian,Joseph,808-456-6071,Adrian.Joseph@example.com,2005-06-12,Chicago,USA,True,True,True
985,Lloyd,Robbins,603-494-3648,Lloyd.Robbins@example.com,1987-07-07,London,United Kingdom,True,True,True
986,Rosanna,Dyer,512-600-6692,Rosanna.Dyer@example.com,1995-08-30,Los Angeles,USA,True,True,True
987,Caitlyn,Lawson,470-723-2187,Caitlyn.Lawson@example.com,1970-09-28,Paris,France,False,True,True
988,Cain,Robertson,375-525-5823,Cain.Robertson@example.com,1984-10-27,New York,USA,True,True,True
989,Leyla,Finley,743-377-7767,Leyla.Finley@example.com,1992-04-20,New York,USA,True,True,True
990,Juliette,Luna,782-806-6417,Juliette.Luna@example.com,1999-07-23,New York,USA,True,True,True
991,Marion,Webster,169-218-9165,Marion.Webster@example.com,1987-08-05,Toronto,Canada,True,True,True
992,Sebastian,Pierce,947-717-1440,Sebastian.Pierce@example.com,2003-10-03,Chicago,USA,True,True,True
993,Jayson,Sutton,289-775-9088,Jayson.Sutton@example.com,1992-02-12,Montreal,Canada,True,True,True
994,Inaaya,Bruce,780-773-8755,Inaaya.Bruce@example.com,1994-03-21,London,United Kingdom,True,True,True
995,Raja,Reeves,990-569-7356,Raja.Reeves@example.com,1988-10-27,Montreal,Canada,True,True,True
996,Maria,Stephens,798-578-4631,Maria.Stephens@example.com,1998-06-08,Toronto,Canada,True,True,True
997,Sam,Arias,415-467-1137,Sam.Arias@example.com,1993-01-30,Chicago,USA,True,True,True
998,Fey,Kuser,999-999-9999,fey_kuser@example.com,1970-01-01,Santa Claus,USA,True,True,True
999,Fatimah,Johns,520-433-7411,Fatimah.Johns@example.com,1987-03-01,London,United Kingdom,True,True,True
1000,Ada,Reid,958-944-9616,Ada.Reid@example.com,1999-06-08,Chicago,USA,True,True,True
1001,Simeon,Mccall,135-125-7738,Simeon.Mccall@example.com,1995-03-03,San Francisco,USA,True,True,True
1002,Fey,Kuser,999-999-1111,fey.kuser@example.com,1970-01-01,Santa Claus,USA,True,True,True
