id,first_name,last_name,phone,email,city,country,Android,Desktop,Iphone,name
1,Jamie,Bright,533-849-3913,Jamie.Bright@example.com,Montreal,Canada,1,0,0,Jamie Bright
2,Arabella,Knox,652-272-9539,Arabella.Knox@example.com,Los Angeles,USA,1,0,1,Arabella Knox
3,Yusra,Fletcher,385-702-8874,Yusra.Fletcher@example.com,Toronto,Canada,1,1,1,Yusra Fletcher
4,Esme,Nielsen,621-797-5367,Esme.Nielsen@example.com,Los Angeles,USA,1,0,1,Esme Nielsen
6,Dean,Lewis,243-955-3782,Dean.Lewis@example.com,San Diego,USA,1,1,1,Dean Lewis
7,Inaaya,Velasquez,489-241-7631,Inaaya.Velasquez@example.com,Los Angeles,USA,1,1,1,Inaaya Velasquez
8,Tasnim,Cobb,262-380-8877,Tasnim.Cobb@example.com,San Diego,USA,0,1,0,Tasnim Cobb
9,Asa,Vazquez,504-421-4485,Asa.Vazquez@example.com,Toronto,Canada,1,0,0,Asa Vazquez
10,Keith,Donovan,549-515-6738,Keith.Donovan@example.com,Chicago,USA,0,1,1,Keith Donovan
11,Moshe,Colon,131-622-5442,Moshe.Colon@example.com,New York,USA,0,1,1,Moshe Colon
12,Hussain,Santos,379-352-6285,Hussain.Santos@example.com,San Diego,USA,0,1,1,Hussain Santos
13,Lillian,Hanna,488-762-8236,Lillian.Hanna@example.com,Los Angeles,USA,0,0,1,Lillian Hanna
14,Harvey,Guerrero,597-677-6862,Harvey.Guerrero@example.com,Chicago,USA,0,0,1,Harvey Guerrero
15,Leroy,Barrera,659-190-9378,Leroy.Barrera@example.com,New York,USA,1,1,1,Leroy Barrera
16,Zack,Griffin,467-370-7724,Zack.Griffin@example.com,San Diego,USA,0,1,0,Zack Griffin
17,Adele,Garza,429-916-1662,Adele.Garza@example.com,New York,USA,1,1,1,Adele Garza
18,Sandra,Cherry,218-605-4170,Sandra.Cherry@example.com,San Francisco,USA,0,1,0,Sandra Cherry
19,Carmen,Burton,527-368-7429,Carmen.Burton@example.com,Toronto,Canada,1,1,0,Carmen Burton
20,Donald,Stone,730-260-4630,Donald.Stone@example.com,London,United Kingdom,1,1,0,Donald Stone
21,Clifford,Mcgee,715-116-6302,Clifford.Mcgee@example.com,San Francisco,USA,1,0,1,Clifford Mcgee
22,Gerald,Maldonado,660-116-3336,Gerald.Maldonado@example.com,San Francisco,USA,1,0,0,Gerald Maldonado
23,Danielle,Glenn,727-709-3351,Danielle.Glenn@example.com,San Francisco,USA,1,1,1,Danielle Glenn
25,Alina,Mccoy,495-292-8149,Alina.Mccoy@example.com,San Francisco,USA,0,1,1,Alina Mccoy
27,Frazer,Anthony,139-396-1336,Frazer.Anthony@example.com,New York,USA,0,1,1,Frazer Anthony
28,Cassie,Molina,811-806-5304,Cassie.Molina@example.com,San Francisco,USA,1,1,0,Cassie Molina
30,Stephanie,Rice,830-901-9870,Stephanie.Rice@example.com,Montreal,Canada,1,0,0,Stephanie Rice
31,Bradley,Butler,937-172-2269,Bradley.Butler@example.com,Montreal,Canada,0,0,1,Bradley Butler
32,Alejandro,Brandt,334-279-1420,Alejandro.Brandt@example.com,New York,USA,1,1,1,Alejandro Brandt
34,Livia,Howe,868-828-4315,Livia.Howe@example.com,Toronto,Canada,0,0,1,Livia Howe
35,Linda,Combs,742-395-8995,Linda.Combs@example.com,Los Angeles,USA,1,1,1,Linda Combs
36,Dominik,Odling,365-145-3897,Dominik.Odling@example.com,Los Angeles,USA,1,1,0,Dominik Odling
37,Lili,Schroeder,640-348-2128,Lili.Schroeder@example.com,Toronto,Canada,1,0,1,Lili Schroeder
38,Jeremiah,Martin,277-350-5557,Jeremiah.Martin@example.com,London,United Kingdom,1,0,0,Jeremiah Martin
40,Clara,Bird,958-605-3200,Clara.Bird@example.com,San Francisco,USA,1,0,0,Clara Bird
41,Cody,Riley,872-906-9681,Cody.Riley@example.com,London,United Kingdom,1,1,1,Cody Riley
42,Tomas,Griffith,492-337-4468,Tomas.Griffith@example.com,London,United Kingdom,0,0,1,Tomas Griffith
43,Elena,Pineda,617-226-9486,Elena.Pineda@example.com,Los Angeles,USA,1,1,1,Elena Pineda
44,Diana,Davenport,505-179-8348,Diana.Davenport@example.com,Los Angeles,USA,0,1,1,Diana Davenport
45,Cordelia,Houston,946-560-7738,Cordelia.Houston@example.com,San Francisco,USA,1,0,1,Cordelia Houston
46,Abubakar,House,713-179-2294,Abubakar.House@example.com,San Diego,USA,0,1,0,Abubakar House
47,Celia,Terry,986-149-3342,Celia.Terry@example.com,New York,USA,0,1,1,Celia Terry
48,Esther,Mccall,573-696-6671,Esther.Mccall@example.com,Los Angeles,USA,1,1,0,Esther Mccall
49,Idris,Proctor,584-182-6496,Idris.Proctor@example.com,San Diego,USA,1,1,0,Idris Proctor
50,Bruno,Noble,639-790-8394,Bruno.Noble@example.com,San Diego,USA,0,0,1,Bruno Noble
51,Herman,Munoz,689-881-9382,Herman.Munoz@example.com,Los Angeles,USA,1,1,0,Herman Munoz
52,Amaan,Rangel,837-435-2302,Amaan.Rangel@example.com,Montreal,Canada,1,0,1,Amaan Rangel
53,Prince,Thompson,115-215-7565,Prince.Thompson@example.com,Chicago,USA,0,1,0,Prince Thompson
54,Bethany,Santana,924-146-4189,Bethany.Santana@example.com,New York,USA,0,0,1,Bethany Santana
55,Ernest,Martinez,448-597-4211,Ernest.Martinez@example.com,San Diego,USA,1,1,0,Ernest Martinez
56,Susannah,O'Doherty,981-489-3689,Susannah.O'Doherty@example.com,Chicago,USA,1,1,1,Susannah O'Doherty
57,Billie,Price,917-866-8131,Billie.Price@example.com,London,United Kingdom,0,1,0,Billie Price
58,Orlando,Pitts,427-711-9658,Orlando.Pitts@example.com,Los Angeles,USA,0,0,1,Orlando Pitts
59,Phoebe,Weiss,299-560-9666,Phoebe.Weiss@example.com,London,United Kingdom,1,1,0,Phoebe Weiss
60,Juanita,Baldwin,989-786-8538,Juanita.Baldwin@example.com,San Diego,USA,1,1,1,Juanita Baldwin
61,Honor,Jacobson,624-535-4606,Honor.Jacobson@example.com,San Francisco,USA,1,1,0,Honor Jacobson
62,Ty,Mcintyre,743-856-9854,Ty.Mcintyre@example.com,San Francisco,USA,1,0,1,Ty Mcintyre
63,Johnathan,Berger,545-458-1679,Johnathan.Berger@example.com,San Diego,USA,0,1,1,Johnathan Berger
64,Jason,Snyder,202-632-2346,Jason.Snyder@example.com,San Francisco,USA,1,0,0,Jason Snyder
65,Aled,Silva,612-360-5367,Aled.Silva@example.com,Toronto,Canada,0,0,1,Aled Silva
66,Aisha,Webb,447-728-9592,Aisha.Webb@example.com,San Francisco,USA,1,1,0,Aisha Webb
67,Dewi,Keith,816-321-4054,Dewi.Keith@example.com,Chicago,USA,1,0,1,Dewi Keith
69,Saoirse,Keller,699-966-4749,Saoirse.Keller@example.com,San Francisco,USA,1,1,1,Saoirse Keller
70,Valerie,Oneal,651-335-6190,Valerie.Oneal@example.com,Toronto,Canada,1,1,1,Valerie Oneal
71,Ilyas,Dunlap,491-981-1293,Ilyas.Dunlap@example.com,London,United Kingdom,0,0,1,Ilyas Dunlap
72,Kingsley,Moyer,927-708-1141,Kingsley.Moyer@example.com,San Francisco,USA,1,1,0,Kingsley Moyer
74,Myrtle,Doyle,525-796-7991,Myrtle.Doyle@example.com,Toronto,Canada,1,1,1,Myrtle Doyle
75,Marjorie,Shields,346-207-2724,Marjorie.Shields@example.com,San Diego,USA,0,1,1,Marjorie Shields
76,Taha,Casey,581-100-2001,Taha.Casey@example.com,Los Angeles,USA,1,1,0,Taha Casey
77,Cleo,Greer,138-806-4136,Cleo.Greer@example.com,Los Angeles,USA,1,0,1,Cleo Greer
78,Angela,Mcmillan,868-463-1850,Angela.Mcmillan@example.com,London,United Kingdom,1,0,0,Angela Mcmillan
79,Vivian,Peterson,598-995-3909,Vivian.Peterson@example.com,San Francisco,USA,1,0,0,Vivian Peterson
80,Cheryl,Owens,812-775-9881,Cheryl.Owens@example.com,San Francisco,USA,1,0,1,Cheryl Owens
81,Ahmad,Castro,629-807-5687,Ahmad.Castro@example.com,San Francisco,USA,1,0,0,Ahmad Castro
82,Casper,Freeman,932-653-8020,Casper.Freeman@example.com,San Diego,USA,1,0,0,Casper Freeman
83,Zachery,Brennan,323-591-3874,Zachery.Brennan@example.com,San Francisco,USA,1,0,0,Zachery Brennan
84,Safia,Ayers,512-649-7865,Safia.Ayers@example.com,San Francisco,USA,0,0,1,Safia Ayers
85,Clarence,Hanson,743-908-5464,Clarence.Hanson@example.com,Chicago,USA,1,0,1,Clarence Hanson
86,Douglas,Browning,247-523-1403,Douglas.Browning@example.com,New York,USA,1,0,0,Douglas Browning
87,Rahim,Cuevas,300-879-5941,Rahim.Cuevas@example.com,Los Angeles,USA,0,0,1,Rahim Cuevas
88,Humza,Velez,931-502-4660,Humza.Velez@example.com,New York,USA,0,1,1,Humza Velez
89,Everett,Fitzpatrick,520-305-7264,Everett.Fitzpatrick@example.com,New York,USA,0,0,1,Everett Fitzpatrick
90,Anas,Blevins,138-515-3364,Anas.Blevins@example.com,San Diego,USA,1,1,1,Anas Blevins
91,Amir,Clark,924-287-4068,Amir.Clark@example.com,London,United Kingdom,1,1,1,Amir Clark
92,Mohamed,Barr,604-185-7149,Mohamed.Barr@example.com,San Francisco,USA,1,0,0,Mohamed Barr
93,Elif,Khan,686-123-8571,Elif.Khan@example.com,New York,USA,1,1,0,Elif Khan
94,Mia,Horne,667-185-1569,Mia.Horne@example.com,Los Angeles,USA,1,1,1,Mia Horne
95,Miles,Fisher,702-511-6770,Miles.Fisher@example.com,San Diego,USA,1,1,1,Miles Fisher
96,Nadia,Neal,255-874-4270,Nadia.Neal@example.com,New York,USA,1,1,1,Nadia Neal
97,Alastair,Buckley,776-243-3725,Alastair.Buckley@example.com,San Diego,USA,1,0,0,Alastair Buckley
98,Traci,Banks,313-374-6903,Traci.Banks@example.com,San Francisco,USA,1,0,1,Traci Banks
99,Colby,Hart,900-712-6799,Colby.Hart@example.com,San Francisco,USA,1,1,0,Colby Hart
100,Usman,Swanson,431-103-9132,Usman.Swanson@example.com,London,United Kingdom,1,1,1,Usman Swanson
101,Michelle,Love,672-651-8173,Michelle.Love@example.com,New York,USA,1,0,1,Michelle Love
102,Alina,Walls,507-883-4629,Alina.Walls@example.com,Chicago,USA,1,0,0,Alina Walls
103,Caspar,Hudson,830-584-4874,Caspar.Hudson@example.com,Toronto,Canada,0,0,1,Caspar Hudson
104,Chelsea,Wyatt,750-801-9657,Chelsea.Wyatt@example.com,San Diego,USA,0,1,1,Chelsea Wyatt
105,Franklin,Conway,768-545-4465,Franklin.Conway@example.com,San Diego,USA,1,1,0,Franklin Conway
106,Ruth,Andrews,159-468-6067,Ruth.Andrews@example.com,Chicago,USA,0,1,1,Ruth Andrews
107,Polly,Reyes,296-740-3450,Polly.Reyes@example.com,San Diego,USA,0,0,1,Polly Reyes
108,Mohsin,Tucker,174-389-8757,Mohsin.Tucker@example.com,Toronto,Canada,0,1,0,Mohsin Tucker
109,Huw,Valentine,441-847-1955,Huw.Valentine@example.com,Chicago,USA,0,1,1,Huw Valentine
110,Pearl,Perez,947-926-6369,Pearl.Perez@example.com,San Francisco,USA,0,0,1,Pearl Perez
111,Harriett,Mccoy,956-438-3865,Harriett.Mccoy@example.com,San Francisco,USA,1,1,1,Harriett Mccoy
112,Aiden,Galvan,559-282-1575,Aiden.Galvan@example.com,San Diego,USA,0,1,0,Aiden Galvan
113,Kaan,Miranda,940-569-5175,Kaan.Miranda@example.com,San Francisco,USA,1,0,0,Kaan Miranda
114,Laurie,Melendez,488-382-1416,Laurie.Melendez@example.com,Toronto,Canada,0,1,1,Laurie Melendez
115,Tanya,Watson,432-515-4933,Tanya.Watson@example.com,Montreal,Canada,1,0,1,Tanya Watson
116,Gerard,Vargas,663-149-3581,Gerard.Vargas@example.com,San Diego,USA,1,1,1,Gerard Vargas
118,Sean,Bolton,222-241-5406,Sean.Bolton@example.com,Los Angeles,USA,1,0,1,Sean Bolton
121,Jasper,Brandt,527-756-7352,Jasper.Brandt@example.com,London,United Kingdom,0,1,0,Jasper Brandt
122,Teresa,Mccarty,223-114-4003,Teresa.Mccarty@example.com,Toronto,Canada,0,1,1,Teresa Mccarty
123,Finnian,Fisher,382-879-9946,Finnian.Fisher@example.com,Toronto,Canada,1,0,1,Finnian Fisher
124,Carol,York,402-586-5192,Carol.York@example.com,San Diego,USA,1,0,0,Carol York
126,Bessie,Cole,424-390-3432,Bessie.Cole@example.com,San Diego,USA,0,0,1,Bessie Cole
127,Zoya,Giles,301-750-7631,Zoya.Giles@example.com,Toronto,Canada,1,0,1,Zoya Giles
128,Malik,Cuevas,935-337-2537,Malik.Cuevas@example.com,San Diego,USA,1,0,0,Malik Cuevas
129,Alejandro,Duncan,487-150-9471,Alejandro.Duncan@example.com,London,United Kingdom,0,1,0,Alejandro Duncan
130,Zohaib,Hartman,928-400-6426,Zohaib.Hartman@example.com,Montreal,Canada,0,1,0,Zohaib Hartman
131,Alivia,Armstrong,398-367-7522,Alivia.Armstrong@example.com,Chicago,USA,0,0,1,Alivia Armstrong
132,Tina,Powell,372-218-6551,Tina.Powell@example.com,New York,USA,1,1,0,Tina Powell
133,Zack,Mcclain,586-280-9496,Zack.Mcclain@example.com,New York,USA,0,0,1,Zack Mcclain
134,Lydia,Chan,649-585-3076,Lydia.Chan@example.com,San Francisco,USA,0,1,1,Lydia Chan
135,Bertie,Ward,971-922-8663,Bertie.Ward@example.com,Montreal,Canada,1,1,0,Bertie Ward
136,Hafsah,Booker,731-730-2543,Hafsah.Booker@example.com,New York,USA,0,1,1,Hafsah Booker
137,India,Simmons,605-920-3435,India.Simmons@example.com,San Diego,USA,1,0,1,India Simmons
138,Adnan,Allen,561-365-7378,Adnan.Allen@example.com,Chicago,USA,1,1,0,Adnan Allen
139,Kamran,Wilcox,476-365-7838,Kamran.Wilcox@example.com,London,United Kingdom,1,1,0,Kamran Wilcox
140,Gary,Hutchinson,245-506-5389,Gary.Hutchinson@example.com,San Francisco,USA,1,0,0,Gary Hutchinson
141,Adriana,Stafford,473-741-6496,Adriana.Stafford@example.com,Montreal,Canada,0,0,1,Adriana Stafford
143,Ian,Ho,586-175-1970,Ian.Ho@example.com,San Francisco,USA,1,0,0,Ian Ho
144,Emelia,Page,929-575-4315,Emelia.Page@example.com,San Francisco,USA,0,1,1,Emelia Page
145,Elijah,Castaneda,354-709-5741,Elijah.Castaneda@example.com,Chicago,USA,0,1,0,Elijah Castaneda
146,Edith,Walker,805-146-4773,Edith.Walker@example.com,Los Angeles,USA,0,0,1,Edith Walker
147,Eleanor,Mcintosh,153-538-3431,Eleanor.Mcintosh@example.com,Toronto,Canada,1,0,0,Eleanor Mcintosh
148,Maksymilian,Crosby,298-837-9139,Maksymilian.Crosby@example.com,New York,USA,1,0,0,Maksymilian Crosby
149,Abdirahman,Mullen,669-442-8257,Abdirahman.Mullen@example.com,Toronto,Canada,1,1,1,Abdirahman Mullen
150,Mariah,Castro,866-155-1011,Mariah.Castro@example.com,New York,USA,1,0,1,Mariah Castro
151,Laiba,Ingram,780-200-2871,Laiba.Ingram@example.com,San Diego,USA,0,1,1,Laiba Ingram
152,Matteo,Moon,830-546-5378,Matteo.Moon@example.com,London,United Kingdom,1,0,1,Matteo Moon
153,Blaine,Boyer,411-997-1636,Blaine.Boyer@example.com,London,United Kingdom,0,1,0,Blaine Boyer
154,Thomas,English,891-190-2889,Thomas.English@example.com,New York,USA,0,1,0,Thomas English
155,Lochlan,Fitzgerald,762-973-4444,Lochlan.Fitzgerald@example.com,San Francisco,USA,0,1,0,Lochlan Fitzgerald
156,Alia,Brooks,327-292-8469,Alia.Brooks@example.com,Montreal,Canada,1,1,0,Alia Brooks
157,Aimee,Duffy,856-144-7655,Aimee.Duffy@example.com,San Diego,USA,1,0,1,Aimee Duffy
158,Ethan,Price,558-134-7531,Ethan.Price@example.com,Los Angeles,USA,1,1,1,Ethan Price
159,Will,Santana,460-231-8743,Will.Santana@example.com,Los Angeles,USA,1,1,0,Will Santana
160,Alessia,Watts,619-580-5165,Alessia.Watts@example.com,New York,USA,1,0,0,Alessia Watts
161,Eliza,Gordon,805-946-7433,Eliza.Gordon@example.com,Los Angeles,USA,1,0,0,Eliza Gordon
162,Martina,Boyle,145-824-4775,Martina.Boyle@example.com,Los Angeles,USA,0,1,0,Martina Boyle
163,Talha,Austin,279-345-3532,Talha.Austin@example.com,New York,USA,0,1,1,Talha Austin
164,Herman,Knowles,130-936-8674,Herman.Knowles@example.com,Los Angeles,USA,0,1,1,Herman Knowles
165,Amira,Berg,627-954-8991,Amira.Berg@example.com,Chicago,USA,1,0,1,Amira Berg
166,Darcie,Lane,899-901-3539,Darcie.Lane@example.com,Los Angeles,USA,1,0,0,Darcie Lane
167,Kurtis,Marks,690-396-3965,Kurtis.Marks@example.com,Montreal,Canada,0,1,0,Kurtis Marks
168,Josie,Pham,202-569-8234,Josie.Pham@example.com,San Diego,USA,1,1,1,Josie Pham
169,Katy,Harrington,645-829-7495,Katy.Harrington@example.com,San Francisco,USA,0,0,1,Katy Harrington
170,Macie,Payne,782-737-6408,Macie.Payne@example.com,New York,USA,1,0,0,Macie Payne
171,Patrick,Morse,220-102-3684,Patrick.Morse@example.com,New York,USA,1,0,1,Patrick Morse
172,Nathaniel,Gonzalez,421-145-6627,Nathaniel.Gonzalez@example.com,Chicago,USA,0,1,0,Nathaniel Gonzalez
174,Kiera,Cotton,254-627-7406,Kiera.Cotton@example.com,Los Angeles,USA,1,0,0,Kiera Cotton
175,Tia,Potter,137-491-6519,Tia.Potter@example.com,New York,USA,1,0,1,Tia Potter
176,Melvin,Flores,708-692-8746,Melvin.Flores@example.com,London,United Kingdom,0,1,1,Melvin Flores
177,Hassan,Kemp,131-471-2639,Hassan.Kemp@example.com,San Diego,USA,0,1,0,Hassan Kemp
178,Jenson,Carver,128-789-4202,Jenson.Carver@example.com,Chicago,USA,0,1,1,Jenson Carver
179,Aminah,Wells,950-639-9777,Aminah.Wells@example.com,Chicago,USA,1,1,1,Aminah Wells
180,Dhruv,Villarreal,931-559-3083,Dhruv.Villarreal@example.com,London,United Kingdom,1,1,0,Dhruv Villarreal
181,Rhodri,Kelley,106-651-2649,Rhodri.Kelley@example.com,Los Angeles,USA,0,0,1,Rhodri Kelley
182,Luqman,Carrillo,124-533-2523,Luqman.Carrillo@example.com,New York,USA,1,0,0,Luqman Carrillo
183,Ishaan,Stevenson,631-367-5233,Ishaan.Stevenson@example.com,San Francisco,USA,0,1,0,Ishaan Stevenson
184,David,Bridges,946-447-2454,David.Bridges@example.com,New York,USA,0,0,1,David Bridges
185,Milton,Carlson,344-559-6014,Milton.Carlson@example.com,Los Angeles,USA,0,1,0,Milton Carlson
186,Gareth,Sutherland,471-744-7605,Gareth.Sutherland@example.com,San Diego,USA,1,0,0,Gareth Sutherland
187,Andre,Long,883-691-2967,Andre.Long@example.com,San Francisco,USA,0,1,1,Andre Long
188,Ridwan,Houston,530-308-5425,Ridwan.Houston@example.com,London,United Kingdom,0,1,0,Ridwan Houston
189,Darcey,Whitney,483-860-2350,Darcey.Whitney@example.com,San Francisco,USA,1,1,1,Darcey Whitney
190,Charlotte,Baxter,757-193-7348,Charlotte.Baxter@example.com,San Francisco,USA,1,1,0,Charlotte Baxter
191,Damon,Bullock,130-864-9453,Damon.Bullock@example.com,Chicago,USA,1,1,0,Damon Bullock
192,Leonie,Sanders,248-366-9279,Leonie.Sanders@example.com,Chicago,USA,1,0,1,Leonie Sanders
193,Susie,Gibbons,194-777-4804,Susie.Gibbons@example.com,Los Angeles,USA,1,1,1,Susie Gibbons
194,Fynn,Graham,763-842-3292,Fynn.Graham@example.com,Toronto,Canada,1,0,1,Fynn Graham
195,Jorge,Maldonado,220-296-3772,Jorge.Maldonado@example.com,San Diego,USA,1,1,0,Jorge Maldonado
196,Alanna,Stephens,710-282-8586,Alanna.Stephens@example.com,Chicago,USA,0,0,1,Alanna Stephens
197,Tiago,Dunn,728-796-4352,Tiago.Dunn@example.com,San Diego,USA,1,0,1,Tiago Dunn
198,Zakir,Russell,599-588-9264,Zakir.Russell@example.com,Toronto,Canada,0,1,1,Zakir Russell
199,Asa,Haines,327-464-5734,Asa.Haines@example.com,London,United Kingdom,1,0,1,Asa Haines
200,Eesa,Buchanan,533-397-5445,Eesa.Buchanan@example.com,London,United Kingdom,1,0,1,Eesa Buchanan
201,Conor,Rush,663-671-4088,Conor.Rush@example.com,New York,USA,0,0,1,Conor Rush
202,Kabir,Stewart,891-887-3513,Kabir.Stewart@example.com,San Francisco,USA,1,1,0,Kabir Stewart
203,Lili,Patel,823-509-3052,Lili.Patel@example.com,Montreal,Canada,1,1,0,Lili Patel
204,Philippa,Webster,407-892-7705,Philippa.Webster@example.com,Toronto,Canada,1,0,0,Philippa Webster
205,Zoe,Newman,620-765-4496,Zoe.Newman@example.com,San Francisco,USA,0,1,1,Zoe Newman
206,Azaan,Roth,130-119-2032,Azaan.Roth@example.com,Los Angeles,USA,1,0,1,Azaan Roth
207,Mark,Friedman,111-862-3502,Mark.Friedman@example.com,San Diego,USA,1,1,0,Mark Friedman
208,Jessie,Greer,950-317-1709,Jessie.Greer@example.com,London,United Kingdom,1,1,1,Jessie Greer
209,Eliot,Stokes,864-975-1957,Eliot.Stokes@example.com,Los Angeles,USA,0,0,1,Eliot Stokes
210,Alessia,Jenkins,547-388-2503,Alessia.Jenkins@example.com,Chicago,USA,0,0,1,Alessia Jenkins
211,Gerard,Francis,958-724-3846,Gerard.Francis@example.com,Chicago,USA,1,1,1,Gerard Francis
212,Angela,Lynch,227-737-8739,Angela.Lynch@example.com,San Francisco,USA,1,0,1,Angela Lynch
213,Kyran,Wyatt,778-841-9881,Kyran.Wyatt@example.com,Montreal,Canada,1,0,1,Kyran Wyatt
214,Eugene,Taylor,712-926-3402,Eugene.Taylor@example.com,Toronto,Canada,0,0,1,Eugene Taylor
215,Katerina,Turner,753-511-5460,Katerina.Turner@example.com,San Francisco,USA,0,1,1,Katerina Turner
216,Nataniel,Nunez,202-158-5194,Nataniel.Nunez@example.com,New York,USA,0,1,0,Nataniel Nunez
217,Phoebe,Rodriguez,516-779-4464,Phoebe.Rodriguez@example.com,New York,USA,1,1,0,Phoebe Rodriguez
219,Sinead,Horne,340-355-9098,Sinead.Horne@example.com,Toronto,Canada,1,1,0,Sinead Horne
220,Sahar,Kim,718-676-2743,Sahar.Kim@example.com,San Francisco,USA,1,0,1,Sahar Kim
221,Emmie,Schmidt,130-236-9253,Emmie.Schmidt@example.com,San Francisco,USA,1,0,0,Emmie Schmidt
223,Rupert,Mejia,194-235-2353,Rupert.Mejia@example.com,San Francisco,USA,1,1,0,Rupert Mejia
224,Lily-Rose,Kaufman,271-963-2123,Lily-Rose.Kaufman@example.com,Chicago,USA,1,0,0,Lily-Rose Kaufman
225,Neil,Haynes,421-219-5363,Neil.Haynes@example.com,San Diego,USA,1,1,1,Neil Haynes
226,Morgan,Hardy,974-761-7628,Morgan.Hardy@example.com,London,United Kingdom,0,1,1,Morgan Hardy
227,Ibraheem,Mcgee,667-192-9013,Ibraheem.Mcgee@example.com,San Diego,USA,0,0,1,Ibraheem Mcgee
229,Kate,Cline,927-741-2027,Kate.Cline@example.com,Toronto,Canada,1,1,0,Kate Cline
230,Hana,Barr,541-180-4090,Hana.Barr@example.com,San Francisco,USA,1,1,0,Hana Barr
231,Darcy,Wall,109-398-3560,Darcy.Wall@example.com,Montreal,Canada,0,1,0,Darcy Wall
232,Aisha,Winters,280-831-1664,Aisha.Winters@example.com,Toronto,Canada,0,1,0,Aisha Winters
233,Zayd,Yoder,259-388-7717,Zayd.Yoder@example.com,New York,USA,1,1,0,Zayd Yoder
234,Esmee,Harmon,271-604-3446,Esmee.Harmon@example.com,New York,USA,1,1,0,Esmee Harmon
235,Tamara,Riddle,481-405-7265,Tamara.Riddle@example.com,Los Angeles,USA,1,1,1,Tamara Riddle
236,Gloria,Mason,495-379-8123,Gloria.Mason@example.com,Los Angeles,USA,0,0,1,Gloria Mason
237,Carter,Coleman,530-826-1153,Carter.Coleman@example.com,San Francisco,USA,0,1,1,Carter Coleman
238,Ashleigh,Trevino,621-710-6972,Ashleigh.Trevino@example.com,San Francisco,USA,1,0,0,Ashleigh Trevino
239,Edward,Ayala,416-337-3343,Edward.Ayala@example.com,Montreal,Canada,1,1,0,Edward Ayala
240,Amira,Lane,321-569-4426,Amira.Lane@example.com,San Francisco,USA,0,1,0,Amira Lane
241,Chris,Zimmerman,371-875-4229,Chris.Zimmerman@example.com,San Diego,USA,0,1,0,Chris Zimmerman
242,Hazel,Joseph,272-647-4049,Hazel.Joseph@example.com,New York,USA,0,1,0,Hazel Joseph
243,Brogan,Fitzgerald,955-732-8107,Brogan.Fitzgerald@example.com,Montreal,Canada,1,0,1,Brogan Fitzgerald
244,Taylor,Ramos,833-282-1248,Taylor.Ramos@example.com,Toronto,Canada,1,1,0,Taylor Ramos
245,Elsie,Cuevas,186-536-6820,Elsie.Cuevas@example.com,Montreal,Canada,0,0,1,Elsie Cuevas
246,Zara,Washington,679-367-1926,Zara.Washington@example.com,London,United Kingdom,0,1,1,Zara Washington
247,Douglas,Lozano,916-136-3366,Douglas.Lozano@example.com,New York,USA,0,0,1,Douglas Lozano
248,Bethan,Franco,317-895-5803,Bethan.Franco@example.com,Toronto,Canada,1,0,0,Bethan Franco
249,Clementine,Whitaker,193-348-3198,Clementine.Whitaker@example.com,Los Angeles,USA,0,1,0,Clementine Whitaker
250,Sarah,Mooney,507-446-1333,Sarah.Mooney@example.com,Chicago,USA,1,1,1,Sarah Mooney
251,Grayson,Rasmussen,312-891-9587,Grayson.Rasmussen@example.com,New York,USA,1,0,0,Grayson Rasmussen
252,Jemima,Leonard,149-310-5366,Jemima.Leonard@example.com,Chicago,USA,0,1,0,Jemima Leonard
253,Oskar,Mccarty,582-269-7396,Oskar.Mccarty@example.com,London,United Kingdom,0,1,1,Oskar Mccarty
254,Bonnie,Woods,104-443-5734,Bonnie.Woods@example.com,San Francisco,USA,1,1,1,Bonnie Woods
255,Miriam,Pacheco,401-464-5796,Miriam.Pacheco@example.com,San Diego,USA,1,1,0,Miriam Pacheco
256,Zahraa,Villanueva,130-183-4153,Zahraa.Villanueva@example.com,San Francisco,USA,0,1,0,Zahraa Villanueva
257,Alia,Hess,735-371-7432,Alia.Hess@example.com,San Diego,USA,0,1,0,Alia Hess
258,Felicity,Tran,530-539-9474,Felicity.Tran@example.com,San Diego,USA,1,0,1,Felicity Tran
259,Lily,Chan,390-911-6534,Lily.Chan@example.com,San Francisco,USA,1,0,1,Lily Chan
260,Darcey,Robles,790-759-5249,Darcey.Robles@example.com,London,United Kingdom,0,0,1,Darcey Robles
262,Everly,Cortez,954-995-1806,Everly.Cortez@example.com,Toronto,Canada,1,0,0,Everly Cortez
263,Tommy,Farmer,999-431-4584,Tommy.Farmer@example.com,Toronto,Canada,1,0,0,Tommy Farmer
264,Maximillian,Atkins,421-834-8740,Maximillian.Atkins@example.com,Toronto,Canada,1,0,1,Maximillian Atkins
265,Eddie,Archer,130-279-8355,Eddie.Archer@example.com,San Francisco,USA,0,1,1,Eddie Archer
266,Gregory,Strong,952-404-1885,Gregory.Strong@example.com,New York,USA,0,1,1,Gregory Strong
267,Jake,Spencer,445-216-5918,Jake.Spencer@example.com,San Diego,USA,1,1,1,Jake Spencer
268,Johnny,Ford,760-126-9651,Johnny.Ford@example.com,San Francisco,USA,1,1,1,Johnny Ford
269,Yusuf,Salazar,311-351-7403,Yusuf.Salazar@example.com,Toronto,Canada,1,0,0,Yusuf Salazar
270,Nelson,Huff,169-619-4582,Nelson.Huff@example.com,New York,USA,1,1,1,Nelson Huff
272,Findlay,Velasquez,675-319-8856,Findlay.Velasquez@example.com,Los Angeles,USA,1,1,1,Findlay Velasquez
273,Georgiana,Horton,290-200-9393,Georgiana.Horton@example.com,Los Angeles,USA,1,1,0,Georgiana Horton
274,Bronte,Riley,786-291-8203,Bronte.Riley@example.com,Toronto,Canada,0,0,1,Bronte Riley
275,Harriett,Villegas,329-505-8826,Harriett.Villegas@example.com,Los Angeles,USA,1,1,0,Harriett Villegas
276,Bertha,Carter,708-356-2109,Bertha.Carter@example.com,Chicago,USA,1,1,0,Bertha Carter
277,Fay,Lucas,436-818-1915,Fay.Lucas@example.com,Montreal,Canada,1,0,1,Fay Lucas
278,Rachael,Sykes,623-319-1782,Rachael.Sykes@example.com,San Diego,USA,0,1,1,Rachael Sykes
279,Annabelle,Atkinson,494-263-3527,Annabelle.Atkinson@example.com,San Francisco,USA,1,0,0,Annabelle Atkinson
280,Zac,Wagner,131-396-9743,Zac.Wagner@example.com,San Francisco,USA,1,1,1,Zac Wagner
282,Elysia,Mata,111-388-1063,Elysia.Mata@example.com,New York,USA,0,1,1,Elysia Mata
283,Autumn,Hensley,107-156-5064,Autumn.Hensley@example.com,New York,USA,1,0,1,Autumn Hensley
284,Maximilian,Whitney,804-245-1465,Maximilian.Whitney@example.com,San Francisco,USA,1,1,0,Maximilian Whitney
285,Lorna,Levy,809-114-1988,Lorna.Levy@example.com,Toronto,Canada,0,0,1,Lorna Levy
286,Cordelia,Marquez,636-910-2488,Cordelia.Marquez@example.com,Los Angeles,USA,0,1,1,Cordelia Marquez
287,Jan,Daniels,305-449-8274,Jan.Daniels@example.com,Montreal,Canada,1,1,0,Jan Daniels
288,Donald,Dale,995-494-7868,Donald.Dale@example.com,San Francisco,USA,0,1,0,Donald Dale
289,Adele,Cantrell,264-319-7312,Adele.Cantrell@example.com,New York,USA,1,1,0,Adele Cantrell
290,Brenda,Ingram,919-358-6885,Brenda.Ingram@example.com,Montreal,Canada,1,1,1,Brenda Ingram
291,Brooklyn,Gamble,187-138-7951,Brooklyn.Gamble@example.com,Chicago,USA,0,1,1,Brooklyn Gamble
292,Anya,Bray,396-900-5179,Anya.Bray@example.com,Toronto,Canada,0,0,1,Anya Bray
293,Oliwia,Dominguez,161-309-1110,Oliwia.Dominguez@example.com,San Diego,USA,0,1,1,Oliwia Dominguez
294,Faizan,Hill,572-649-5353,Faizan.Hill@example.com,San Francisco,USA,1,0,0,Faizan Hill
295,Maisy,Clark,966-801-8945,Maisy.Clark@example.com,San Diego,USA,1,0,1,Maisy Clark
296,Steven,Reid,490-977-4025,Steven.Reid@example.com,San Francisco,USA,1,1,0,Steven Reid
297,Ayesha,O'Reilly,273-616-5739,Ayesha.O'Reilly@example.com,San Diego,USA,0,0,1,Ayesha O'Reilly
298,Chanel,Lang,284-895-4854,Chanel.Lang@example.com,San Francisco,USA,0,1,1,Chanel Lang
299,Aadam,Browning,702-276-7562,Aadam.Browning@example.com,San Francisco,USA,1,1,1,Aadam Browning
300,Danny,Knapp,665-657-4948,Danny.Knapp@example.com,Los Angeles,USA,1,1,1,Danny Knapp
301,Huda,Rogers,714-169-1009,Huda.Rogers@example.com,New York,USA,0,1,0,Huda Rogers
302,Ellena,Ramsey,639-267-5334,Ellena.Ramsey@example.com,San Diego,USA,0,1,0,Ellena Ramsey
303,Nikita,Marquez,492-815-1793,Nikita.Marquez@example.com,Montreal,Canada,1,0,0,Nikita Marquez
304,Siena,Stanton,247-260-7851,Siena.Stanton@example.com,Chicago,USA,1,1,1,Siena Stanton
305,Doris,Griffith,839-124-9420,Doris.Griffith@example.com,San Francisco,USA,0,1,1,Doris Griffith
306,Libbie,Swanson,176-108-4411,Libbie.Swanson@example.com,Chicago,USA,0,0,1,Libbie Swanson
307,Rebekah,Shaw,531-380-1711,Rebekah.Shaw@example.com,Chicago,USA,1,1,0,Rebekah Shaw
308,Noah,Benton,936-522-1085,Noah.Benton@example.com,Los Angeles,USA,0,1,1,Noah Benton
309,Barnaby,Payne,140-296-7511,Barnaby.Payne@example.com,London,United Kingdom,1,0,0,Barnaby Payne
310,Aya,Hoover,640-104-6782,Aya.Hoover@example.com,Chicago,USA,1,1,1,Aya Hoover
311,Mariam,Campos,102-916-1394,Mariam.Campos@example.com,San Diego,USA,0,0,1,Mariam Campos
312,Marissa,Rubio,400-815-9011,Marissa.Rubio@example.com,Chicago,USA,0,1,1,Marissa Rubio
313,Alice,Nielsen,988-763-8894,Alice.Nielsen@example.com,Chicago,USA,0,1,0,Alice Nielsen
314,Neve,Hendrix,965-871-6717,Neve.Hendrix@example.com,Chicago,USA,0,1,1,Neve Hendrix
315,Kiara,Sosa,982-969-2499,Kiara.Sosa@example.com,Los Angeles,USA,1,0,0,Kiara Sosa
316,Mathilda,Abbott,893-420-4063,Mathilda.Abbott@example.com,New York,USA,0,1,0,Mathilda Abbott
317,Bessie,Cuevas,629-379-6872,Bessie.Cuevas@example.com,Toronto,Canada,1,0,1,Bessie Cuevas
318,Mario,Luna,547-624-3479,Mario.Luna@example.com,Toronto,Canada,1,1,1,Mario Luna
319,Tess,Short,990-918-2059,Tess.Short@example.com,Los Angeles,USA,1,1,0,Tess Short
320,Liberty,Stephenson,613-740-5020,Liberty.Stephenson@example.com,San Francisco,USA,1,0,0,Liberty Stephenson
321,Leena,Castillo,648-845-8799,Leena.Castillo@example.com,San Francisco,USA,0,1,0,Leena Castillo
322,Melissa,Harding,614-765-9511,Melissa.Harding@example.com,San Francisco,USA,1,0,0,Melissa Harding
323,Seren,Rocha,880-236-4632,Seren.Rocha@example.com,Toronto,Canada,0,0,1,Seren Rocha
324,Thea,Hamilton,868-547-6826,Thea.Hamilton@example.com,Montreal,Canada,1,1,1,Thea Hamilton
325,Matilda,Griffin,176-758-4552,Matilda.Griffin@example.com,Toronto,Canada,1,0,1,Matilda Griffin
326,Archibald,Melendez,553-482-8315,Archibald.Melendez@example.com,Chicago,USA,1,0,1,Archibald Melendez
327,Oliver,Sanford,628-646-1375,Oliver.Sanford@example.com,Toronto,Canada,1,0,1,Oliver Sanford
328,Otis,Pittman,563-494-9026,Otis.Pittman@example.com,San Diego,USA,1,1,1,Otis Pittman
329,Rory,Bartlett,429-411-4734,Rory.Bartlett@example.com,San Diego,USA,1,0,1,Rory Bartlett
331,Lia,Hudson,671-560-5008,Lia.Hudson@example.com,San Francisco,USA,1,0,1,Lia Hudson
332,Gertrude,Huffman,148-739-3707,Gertrude.Huffman@example.com,San Diego,USA,0,0,1,Gertrude Huffman
333,Tamzin,Hernandez,657-945-1077,Tamzin.Hernandez@example.com,Chicago,USA,1,1,0,Tamzin Hernandez
334,Elisabeth,Tran,363-441-2226,Elisabeth.Tran@example.com,London,United Kingdom,1,1,0,Elisabeth Tran
335,Aaminah,Daniel,877-314-7868,Aaminah.Daniel@example.com,New York,USA,1,1,1,Aaminah Daniel
336,Katrina,Foster,497-544-5065,Katrina.Foster@example.com,London,United Kingdom,1,0,1,Katrina Foster
337,Xavier,Mcguire,329-569-7858,Xavier.Mcguire@example.com,San Francisco,USA,0,1,0,Xavier Mcguire
339,Sahil,Lyons,494-702-9881,Sahil.Lyons@example.com,Montreal,Canada,1,1,0,Sahil Lyons
340,Lilly-Rose,Richards,264-213-8415,Lilly-Rose.Richards@example.com,New York,USA,1,1,1,Lilly-Rose Richards
341,Alexandros,Green,725-427-2794,Alexandros.Green@example.com,San Diego,USA,0,0,1,Alexandros Green
342,Alfred,Stuart,713-145-1454,Alfred.Stuart@example.com,Los Angeles,USA,0,1,0,Alfred Stuart
343,Taha,Carroll,368-154-2650,Taha.Carroll@example.com,Chicago,USA,1,0,1,Taha Carroll
345,Hannah,Zuniga,515-268-3667,Hannah.Zuniga@example.com,Chicago,USA,1,1,1,Hannah Zuniga
346,Caiden,Kaufman,805-349-3127,Caiden.Kaufman@example.com,Montreal,Canada,0,1,0,Caiden Kaufman
347,Jemma,Greer,220-752-3577,Jemma.Greer@example.com,San Francisco,USA,0,1,0,Jemma Greer
348,Alistair,Moore,358-489-3754,Alistair.Moore@example.com,Los Angeles,USA,0,1,1,Alistair Moore
349,Rachael,Shields,557-384-9605,Rachael.Shields@example.com,New York,USA,1,1,1,Rachael Shields
350,Jed,Myers,920-927-4758,Jed.Myers@example.com,San Francisco,USA,0,1,0,Jed Myers
351,Keaton,Ortiz,676-716-9033,Keaton.Ortiz@example.com,San Diego,USA,0,1,1,Keaton Ortiz
352,Maliha,Hood,296-552-6256,Maliha.Hood@example.com,San Diego,USA,0,1,0,Maliha Hood
353,Jennie,Monroe,613-385-2077,Jennie.Monroe@example.com,Montreal,Canada,0,1,0,Jennie Monroe
354,Sharon,Rojas,901-513-9962,Sharon.Rojas@example.com,New York,USA,0,0,1,Sharon Rojas
355,Dawid,Lozano,410-788-9917,Dawid.Lozano@example.com,Toronto,Canada,0,0,1,Dawid Lozano
356,Romeo,Martin,834-460-4855,Romeo.Martin@example.com,Toronto,Canada,0,1,1,Romeo Martin
357,Nikhil,Peck,395-769-3300,Nikhil.Peck@example.com,Chicago,USA,0,1,1,Nikhil Peck
359,Jayden,Meyers,233-480-8798,Jayden.Meyers@example.com,San Diego,USA,1,0,0,Jayden Meyers
361,Joel,Baldwin,161-534-8719,Joel.Baldwin@example.com,San Diego,USA,0,1,0,Joel Baldwin
362,Fletcher,Moreno,228-202-6360,Fletcher.Moreno@example.com,San Francisco,USA,1,0,0,Fletcher Moreno
363,Layton,Suarez,909-218-5658,Layton.Suarez@example.com,San Francisco,USA,1,0,0,Layton Suarez
364,Markus,Weaver,806-124-5977,Markus.Weaver@example.com,Los Angeles,USA,1,1,0,Markus Weaver
365,Martina,Moran,641-323-9929,Martina.Moran@example.com,Toronto,Canada,0,1,0,Martina Moran
366,Maxwell,Lee,221-138-8090,Maxwell.Lee@example.com,San Francisco,USA,0,0,1,Maxwell Lee
367,Eryn,Bowers,767-372-8468,Eryn.Bowers@example.com,Chicago,USA,1,1,1,Eryn Bowers
368,Marie,Hughes,918-588-9531,Marie.Hughes@example.com,New York,USA,1,1,1,Marie Hughes
369,Reggie,Strong,459-645-8476,Reggie.Strong@example.com,Toronto,Canada,1,1,1,Reggie Strong
370,Darcey,Powell,558-608-9550,Darcey.Powell@example.com,San Diego,USA,1,0,1,Darcey Powell
371,Ismaeel,Roach,334-436-6254,Ismaeel.Roach@example.com,Los Angeles,USA,0,1,1,Ismaeel Roach
372,Holly,Gillespie,537-653-7820,Holly.Gillespie@example.com,New York,USA,0,1,1,Holly Gillespie
373,Robbie,Paul,852-236-4050,Robbie.Paul@example.com,Los Angeles,USA,1,1,0,Robbie Paul
374,Sara,Harris,549-750-2047,Sara.Harris@example.com,San Francisco,USA,1,0,1,Sara Harris
375,Brandon,Rangel,417-706-8052,Brandon.Rangel@example.com,New York,USA,1,0,1,Brandon Rangel
376,Saskia,Glover,883-302-1765,Saskia.Glover@example.com,Los Angeles,USA,0,1,1,Saskia Glover
377,Phyllis,Gill,821-675-4190,Phyllis.Gill@example.com,Los Angeles,USA,0,0,1,Phyllis Gill
378,Junior,Mcgowan,820-164-6757,Junior.Mcgowan@example.com,San Francisco,USA,1,0,0,Junior Mcgowan
380,James,Warner,839-312-5829,James.Warner@example.com,Toronto,Canada,0,0,1,James Warner
381,Elsa,Hebert,389-739-1832,Elsa.Hebert@example.com,Los Angeles,USA,0,0,1,Elsa Hebert
382,Zachery,Snow,354-295-2894,Zachery.Snow@example.com,Toronto,Canada,0,0,1,Zachery Snow
383,Owen,Michael,178-910-8863,Owen.Michael@example.com,Toronto,Canada,0,0,1,Owen Michael
384,Fraser,Hooper,228-636-9031,Fraser.Hooper@example.com,New York,USA,0,0,1,Fraser Hooper
385,Olivia,Slater,618-239-1471,Olivia.Slater@example.com,Los Angeles,USA,1,1,1,Olivia Slater
386,Gregory,Mcgrath,284-161-5702,Gregory.Mcgrath@example.com,San Francisco,USA,0,1,0,Gregory Mcgrath
387,Jesse,Perry,711-621-8470,Jesse.Perry@example.com,New York,USA,0,1,1,Jesse Perry
388,Yousef,Andrews,532-910-6535,Yousef.Andrews@example.com,Los Angeles,USA,1,0,1,Yousef Andrews
389,Levi,Hoffman,442-352-9243,Levi.Hoffman@example.com,London,United Kingdom,1,0,1,Levi Hoffman
390,Camilla,Wells,149-482-9546,Camilla.Wells@example.com,London,United Kingdom,1,1,0,Camilla Wells
391,Laiba,Knapp,311-460-4985,Laiba.Knapp@example.com,New York,USA,0,0,1,Laiba Knapp
392,Kyle,Joseph,499-600-6164,Kyle.Joseph@example.com,Toronto,Canada,1,1,0,Kyle Joseph
394,Guy,Osborn,990-686-6129,Guy.Osborn@example.com,San Francisco,USA,0,1,0,Guy Osborn
395,Maxim,Romero,398-796-6242,Maxim.Romero@example.com,San Diego,USA,0,1,0,Maxim Romero
396,Penny,Hanson,853-297-6593,Penny.Hanson@example.com,Toronto,Canada,0,1,0,Penny Hanson
397,Zaynab,Salas,696-692-1941,Zaynab.Salas@example.com,San Diego,USA,0,0,1,Zaynab Salas
398,Myrtle,Lewis,727-289-2785,Myrtle.Lewis@example.com,London,United Kingdom,1,1,1,Myrtle Lewis
399,Nathan,Pearce,161-192-5834,Nathan.Pearce@example.com,Los Angeles,USA,1,1,1,Nathan Pearce
400,Joanna,Durham,302-863-6548,Joanna.Durham@example.com,Los Angeles,USA,0,0,1,Joanna Durham
401,Gloria,Quinn,225-175-9968,Gloria.Quinn@example.com,San Diego,USA,1,1,0,Gloria Quinn
402,Safaa,Lopez,863-714-5286,Safaa.Lopez@example.com,Chicago,USA,1,0,0,Safaa Lopez
404,Verity,Oneal,736-555-3571,Verity.Oneal@example.com,San Francisco,USA,1,1,0,Verity Oneal
405,Cecily,Blaese,234-446-2115,Cecily.Blaese@example.com,Toronto,Canada,0,1,1,Cecily Blaese
406,Gideon,Perez,135-944-5781,Gideon.Perez@example.com,Toronto,Canada,1,1,1,Gideon Perez
407,Trinity,Mora,406-645-2610,Trinity.Mora@example.com,Toronto,Canada,1,0,0,Trinity Mora
408,Adnan,Moore,132-644-9432,Adnan.Moore@example.com,San Francisco,USA,0,0,1,Adnan Moore
409,Aleksander,Durham,582-306-5689,Aleksander.Durham@example.com,New York,USA,1,1,1,Aleksander Durham
410,Findlay,O'Quinn,605-713-8734,Findlay.O'Quinn@example.com,Los Angeles,USA,1,0,0,Findlay O'Quinn
411,Candice,Hooper,382-506-1338,Candice.Hooper@example.com,Toronto,Canada,1,1,1,Candice Hooper
413,Charlotte,Trevino,110-715-4620,Charlotte.Trevino@example.com,New York,USA,1,0,1,Charlotte Trevino
414,Ahmed,Mcpherson,797-300-1323,Ahmed.Mcpherson@example.com,Los Angeles,USA,1,0,0,Ahmed Mcpherson
415,Christopher,Pollard,915-743-9764,Christopher.Pollard@example.com,San Diego,USA,1,1,1,Christopher Pollard
416,Emilie,Mckee,270-914-6681,Emilie.Mckee@example.com,San Francisco,USA,1,0,1,Emilie Mckee
417,Sufyaan,Gonzales,729-767-8923,Sufyaan.Gonzales@example.com,San Diego,USA,1,1,1,Sufyaan Gonzales
418,Kian,Stephens,820-881-5658,Kian.Stephens@example.com,Chicago,USA,1,1,1,Kian Stephens
419,Celine,Calderon,110-293-2276,Celine.Calderon@example.com,San Diego,USA,0,0,1,Celine Calderon
420,Pablo,Benton,918-474-3062,Pablo.Benton@example.com,London,United Kingdom,1,0,0,Pablo Benton
421,Juliet,Gordon,647-601-9488,Juliet.Gordon@example.com,San Diego,USA,1,0,0,Juliet Gordon
422,Ruby,Reid,877-977-4677,Ruby.Reid@example.com,San Francisco,USA,0,0,1,Ruby Reid
423,Haaris,Blevins,790-597-2437,Haaris.Blevins@example.com,Chicago,USA,0,0,1,Haaris Blevins
424,Carol,Bean,168-263-3805,Carol.Bean@example.com,San Francisco,USA,1,0,0,Carol Bean
425,Ines,Davis,238-215-9099,Ines.Davis@example.com,San Francisco,USA,0,1,0,Ines Davis
426,Bill,Chen,264-895-1912,Bill.Chen@example.com,Toronto,Canada,1,1,1,Bill Chen
428,Abi,Montgomery,904-933-1987,Abi.Montgomery@example.com,Montreal,Canada,0,1,0,Abi Montgomery
429,Mike,Hurst,488-247-6930,Mike.Hurst@example.com,Montreal,Canada,0,1,1,Mike Hurst
430,Huw,Pearson,505-476-1251,Huw.Pearson@example.com,San Diego,USA,0,0,1,Huw Pearson
431,Alannah,Vaughn,942-130-5841,Alannah.Vaughn@example.com,San Francisco,USA,1,0,0,Alannah Vaughn
432,Camilla,Huff,943-976-4626,Camilla.Huff@example.com,San Francisco,USA,1,1,0,Camilla Huff
433,Angelo,Manning,182-351-6749,Angelo.Manning@example.com,Toronto,Canada,1,0,0,Angelo Manning
434,Enzo,Hess,359-874-3781,Enzo.Hess@example.com,Los Angeles,USA,1,1,0,Enzo Hess
435,Jorge,Hebert,301-526-9714,Jorge.Hebert@example.com,Los Angeles,USA,0,1,0,Jorge Hebert
436,Alan,Burton,795-682-8733,Alan.Burton@example.com,San Francisco,USA,1,0,0,Alan Burton
437,Harvey,Rios,439-940-5960,Harvey.Rios@example.com,Los Angeles,USA,1,0,1,Harvey Rios
438,Leslie,Harrington,170-517-1270,Leslie.Harrington@example.com,Chicago,USA,1,0,1,Leslie Harrington
439,Leona,Daugherty,815-288-7354,Leona.Daugherty@example.com,Montreal,Canada,1,1,1,Leona Daugherty
440,Dean,Koch,510-682-8416,Dean.Koch@example.com,San Francisco,USA,0,1,0,Dean Koch
441,Conrad,Hanna,934-954-3387,Conrad.Hanna@example.com,San Diego,USA,0,1,1,Conrad Hanna
442,Lenny,Hardy,618-571-1851,Lenny.Hardy@example.com,Toronto,Canada,0,1,1,Lenny Hardy
443,Miguel,Guerrero,542-618-4471,Miguel.Guerrero@example.com,San Francisco,USA,1,1,1,Miguel Guerrero
444,Karina,Mata,428-919-4395,Karina.Mata@example.com,San Francisco,USA,1,0,1,Karina Mata
445,Marco,Fletcher,196-551-2162,Marco.Fletcher@example.com,Los Angeles,USA,1,0,1,Marco Fletcher
446,Julius,Marquez,189-235-8167,Julius.Marquez@example.com,Montreal,Canada,0,1,1,Julius Marquez
447,Lucy,Livingston,528-980-5732,Lucy.Livingston@example.com,San Diego,USA,1,1,0,Lucy Livingston
449,Raja,Hull,209-644-4005,Raja.Hull@example.com,Toronto,Canada,1,1,0,Raja Hull
451,Amie,Lin,153-814-9880,Amie.Lin@example.com,New York,USA,1,1,0,Amie Lin
452,Iqra,Kelly,319-337-5741,Iqra.Kelly@example.com,Los Angeles,USA,1,1,1,Iqra Kelly
453,Kiran,Barr,755-593-9023,Kiran.Barr@example.com,New York,USA,0,0,1,Kiran Barr
454,Zuzanna,Moody,727-221-6352,Zuzanna.Moody@example.com,San Diego,USA,0,1,1,Zuzanna Moody
455,Margaret,Woods,693-338-9657,Margaret.Woods@example.com,Chicago,USA,0,1,0,Margaret Woods
456,Larry,Clay,151-494-2927,Larry.Clay@example.com,Montreal,Canada,0,0,1,Larry Clay
457,Ffion,Brandt,560-197-4771,Ffion.Brandt@example.com,San Diego,USA,0,1,0,Ffion Brandt
458,Taha,Torres,685-146-7547,Taha.Torres@example.com,Los Angeles,USA,0,0,1,Taha Torres
459,Hector,Lam,784-605-2200,Hector.Lam@example.com,Los Angeles,USA,1,1,0,Hector Lam
460,Demi,Dennis,429-374-1894,Demi.Dennis@example.com,Los Angeles,USA,0,0,1,Demi Dennis
461,Leila,Hawkins,970-992-9362,Leila.Hawkins@example.com,Los Angeles,USA,0,0,1,Leila Hawkins
462,Junior,Schwartz,543-252-9069,Junior.Schwartz@example.com,San Francisco,USA,0,1,1,Junior Schwartz
463,Tristan,Lambert,125-567-3504,Tristan.Lambert@example.com,San Diego,USA,1,1,1,Tristan Lambert
464,Liliana,Carpenter,769-403-7834,Liliana.Carpenter@example.com,New York,USA,0,0,1,Liliana Carpenter
466,Charis,Cotton,598-771-1224,Charis.Cotton@example.com,Toronto,Canada,0,1,0,Charis Cotton
467,Zubair,Sheppard,845-425-4523,Zubair.Sheppard@example.com,San Francisco,USA,1,1,1,Zubair Sheppard
469,Zohaib,Preston,575-540-7871,Zohaib.Preston@example.com,San Francisco,USA,0,0,1,Zohaib Preston
470,Kyla,Brennan,440-863-6538,Kyla.Brennan@example.com,Toronto,Canada,0,1,0,Kyla Brennan
471,Amira,Mueller,445-867-4511,Amira.Mueller@example.com,San Francisco,USA,0,0,1,Amira Mueller
472,Colby,Baxter,584-747-3867,Colby.Baxter@example.com,Los Angeles,USA,1,0,0,Colby Baxter
473,Hayden,Lucas,527-308-6637,Hayden.Lucas@example.com,Montreal,Canada,1,1,0,Hayden Lucas
476,Sabrina,Becker,895-364-8107,Sabrina.Becker@example.com,Toronto,Canada,1,0,0,Sabrina Becker
478,Alejandro,Ali,685-467-9906,Alejandro.Ali@example.com,San Francisco,USA,0,1,0,Alejandro Ali
479,Terence,Rosales,298-641-6696,Terence.Rosales@example.com,Toronto,Canada,0,1,1,Terence Rosales
480,Abu,Miranda,615-102-4849,Abu.Miranda@example.com,Los Angeles,USA,0,1,1,Abu Miranda
481,Sophia,Randolph,972-667-2372,Sophia.Randolph@example.com,New York,USA,1,0,1,Sophia Randolph
482,Ahmad,Patrick,875-486-1626,Ahmad.Patrick@example.com,Toronto,Canada,1,0,1,Ahmad Patrick
483,Christine,Davenport,168-853-2168,Christine.Davenport@example.com,Montreal,Canada,0,0,1,Christine Davenport
484,Lowri,Brady,116-274-4785,Lowri.Brady@example.com,Toronto,Canada,1,0,1,Lowri Brady
485,Ashley,Cain,679-244-6655,Ashley.Cain@example.com,London,United Kingdom,0,1,0,Ashley Cain
486,Andre,Le,583-114-3994,Andre.Le@example.com,San Francisco,USA,1,0,0,Andre Le
487,Bernard,Moran,863-265-3242,Bernard.Moran@example.com,San Francisco,USA,0,0,1,Bernard Moran
489,Khadija,Dunlap,752-472-1641,Khadija.Dunlap@example.com,San Francisco,USA,1,1,0,Khadija Dunlap
490,Rhonda,Coffey,473-420-4500,Rhonda.Coffey@example.com,San Francisco,USA,0,1,1,Rhonda Coffey
491,Ehsan,Anthony,364-687-4749,Ehsan.Anthony@example.com,San Francisco,USA,0,1,0,Ehsan Anthony
492,Haider,Mcguire,719-649-9057,Haider.Mcguire@example.com,New York,USA,0,1,0,Haider Mcguire
493,Jazmine,Harper,956-324-6086,Jazmine.Harper@example.com,Los Angeles,USA,0,1,1,Jazmine Harper
494,Bryan,Caldwell,161-104-1451,Bryan.Caldwell@example.com,San Francisco,USA,0,1,0,Bryan Caldwell
495,Sandra,Bowman,190-234-9749,Sandra.Bowman@example.com,Los Angeles,USA,1,1,1,Sandra Bowman
496,Micheal,Maldonado,895-850-8289,Micheal.Maldonado@example.com,London,United Kingdom,0,1,0,Micheal Maldonado
497,Arjun,Mccarthy,152-255-3479,Arjun.Mccarthy@example.com,Los Angeles,USA,1,0,0,Arjun Mccarthy
498,Keisha,Norris,117-850-3045,Keisha.Norris@example.com,New York,USA,1,0,1,Keisha Norris
499,Harris,Mack,633-338-5745,Harris.Mack@example.com,New York,USA,0,0,1,Harris Mack
501,Nannie,Carr,175-709-3929,Nannie.Carr@example.com,San Francisco,USA,1,1,0,Nannie Carr
502,Imran,Page,203-209-8114,Imran.Page@example.com,Montreal,Canada,0,1,1,Imran Page
503,Jim,Moses,560-446-1279,Jim.Moses@example.com,London,United Kingdom,0,0,1,Jim Moses
504,Anjali,Peck,703-497-6452,Anjali.Peck@example.com,San Diego,USA,0,0,1,Anjali Peck
505,Bessie,Conley,128-912-7282,Bessie.Conley@example.com,London,United Kingdom,0,0,1,Bessie Conley
506,Jude,Manning,705-992-3397,Jude.Manning@example.com,New York,USA,1,1,1,Jude Manning
507,Bridget,Oneill,349-116-7728,Bridget.Oneill@example.com,San Francisco,USA,1,0,0,Bridget Oneill
508,Brooke,Barron,715-588-5341,Brooke.Barron@example.com,Chicago,USA,0,0,1,Brooke Barron
509,Lukas,Howard,846-508-8212,Lukas.Howard@example.com,Chicago,USA,1,1,0,Lukas Howard
510,Kaya,Jacobson,870-909-4612,Kaya.Jacobson@example.com,San Francisco,USA,1,0,0,Kaya Jacobson
511,Kitty,Carroll,305-617-1384,Kitty.Carroll@example.com,San Diego,USA,0,0,1,Kitty Carroll
512,Khadijah,Little,258-211-4243,Khadijah.Little@example.com,San Diego,USA,1,0,1,Khadijah Little
513,Scarlett,Bradley,841-963-6257,Scarlett.Bradley@example.com,San Diego,USA,0,0,1,Scarlett Bradley
514,Willard,Odling,156-301-8459,Willard.Odling@example.com,Chicago,USA,1,1,0,Willard Odling
515,Gerald,Carver,658-867-4112,Gerald.Carver@example.com,Los Angeles,USA,0,1,0,Gerald Carver
516,Kate,Key,336-283-3896,Kate.Key@example.com,San Francisco,USA,0,1,1,Kate Key
517,Danielle,Lester,427-342-5497,Danielle.Lester@example.com,San Francisco,USA,1,0,1,Danielle Lester
518,Mabel,Pace,752-347-2146,Mabel.Pace@example.com,Los Angeles,USA,0,1,1,Mabel Pace
519,Eoin,Fields,507-766-7432,Eoin.Fields@example.com,Los Angeles,USA,1,0,0,Eoin Fields
520,Henry,Holloway,760-481-5035,Henry.Holloway@example.com,San Francisco,USA,0,1,0,Henry Holloway
521,Khalid,Mclaughlin,140-879-1467,Khalid.Mclaughlin@example.com,San Francisco,USA,1,0,0,Khalid Mclaughlin
522,Umar,Guerrero,207-890-3313,Umar.Guerrero@example.com,San Francisco,USA,1,1,1,Umar Guerrero
523,Ameera,Kirby,611-776-9890,Ameera.Kirby@example.com,London,United Kingdom,1,1,0,Ameera Kirby
524,Emre,Everett,986-281-7506,Emre.Everett@example.com,San Francisco,USA,0,1,1,Emre Everett
525,Aidan,Mcmahon,896-647-2628,Aidan.Mcmahon@example.com,New York,USA,1,1,1,Aidan Mcmahon
526,Tara,Brewer,114-507-5478,Tara.Brewer@example.com,New York,USA,0,0,1,Tara Brewer
527,Layton,Cisneros,624-631-4459,Layton.Cisneros@example.com,San Francisco,USA,1,0,0,Layton Cisneros
528,Md,Booker,544-944-1609,Md.Booker@example.com,New York,USA,1,1,0,Md Booker
529,Lawrence,Simon,305-708-6970,Lawrence.Simon@example.com,San Diego,USA,0,0,1,Lawrence Simon
530,Isobelle,Davidson,237-295-4490,Isobelle.Davidson@example.com,San Francisco,USA,0,0,1,Isobelle Davidson
531,Jake,Salazar,250-705-1154,Jake.Salazar@example.com,San Francisco,USA,1,0,0,Jake Salazar
532,Lawson,Levine,785-936-5286,Lawson.Levine@example.com,San Francisco,USA,1,1,1,Lawson Levine
533,Joshua,Holt,993-541-7464,Joshua.Holt@example.com,New York,USA,0,1,1,Joshua Holt
534,Ada,Walsh,391-963-8942,Ada.Walsh@example.com,San Francisco,USA,0,1,0,Ada Walsh
535,Carolyn,Pittman,451-215-7038,Carolyn.Pittman@example.com,New York,USA,1,0,0,Carolyn Pittman
536,Orla,Monroe,200-722-3778,Orla.Monroe@example.com,Toronto,Canada,0,1,1,Orla Monroe
537,Bronwyn,Hanna,763-469-4049,Bronwyn.Hanna@example.com,Toronto,Canada,1,0,0,Bronwyn Hanna
538,Tristan,Valdez,109-614-1639,Tristan.Valdez@example.com,Los Angeles,USA,1,0,1,Tristan Valdez
539,Ruth,Stone,429-930-9178,Ruth.Stone@example.com,Montreal,Canada,1,0,1,Ruth Stone
540,Savannah,Boone,159-573-6793,Savannah.Boone@example.com,Los Angeles,USA,1,1,1,Savannah Boone
541,Elysia,Schaefer,264-321-9679,Elysia.Schaefer@example.com,Montreal,Canada,1,1,0,Elysia Schaefer
542,Moses,O'Gallagher,303-406-9507,Moses.O'Gallagher@example.com,Chicago,USA,1,0,0,Moses O'Gallagher
543,Esme,Krueger,173-138-2227,Esme.Krueger@example.com,Toronto,Canada,1,0,1,Esme Krueger
544,Millie,Yates,673-424-3380,Millie.Yates@example.com,Chicago,USA,1,0,1,Millie Yates
545,Valentina,Cross,142-486-2939,Valentina.Cross@example.com,Los Angeles,USA,1,0,1,Valentina Cross
546,Lenny,Patrick,109-247-6898,Lenny.Patrick@example.com,San Francisco,USA,1,0,1,Lenny Patrick
547,Ty,Serrano,901-570-7400,Ty.Serrano@example.com,San Francisco,USA,0,0,1,Ty Serrano
548,Katherine,Whitehead,416-889-9840,Katherine.Whitehead@example.com,Los Angeles,USA,1,1,1,Katherine Whitehead
549,Danny,Tate,574-779-9113,Danny.Tate@example.com,San Diego,USA,1,0,0,Danny Tate
550,Prince,Sharp,886-278-8764,Prince.Sharp@example.com,Montreal,Canada,0,1,1,Prince Sharp
551,Donovan,Evans,729-134-2962,Donovan.Evans@example.com,Montreal,Canada,0,0,1,Donovan Evans
553,Rajan,Fletcher,443-159-6306,Rajan.Fletcher@example.com,Chicago,USA,1,1,0,Rajan Fletcher
554,Tyrell,Holman,582-574-4299,Tyrell.Holman@example.com,San Francisco,USA,0,1,1,Tyrell Holman
555,Ammar,Floyd,960-107-6796,Ammar.Floyd@example.com,New York,USA,0,1,1,Ammar Floyd
556,Zayn,Webb,561-761-7547,Zayn.Webb@example.com,New York,USA,1,1,0,Zayn Webb
557,Wilbur,Valentine,718-283-9417,Wilbur.Valentine@example.com,San Francisco,USA,1,1,1,Wilbur Valentine
558,Clementine,Sloan,480-906-3761,Clementine.Sloan@example.com,Chicago,USA,1,0,1,Clementine Sloan
559,Cecilia,Edwards,941-963-8256,Cecilia.Edwards@example.com,London,United Kingdom,1,1,1,Cecilia Edwards
560,Aled,Harris,924-132-3783,Aled.Harris@example.com,San Diego,USA,0,1,1,Aled Harris
561,Miya,Warner,204-288-1980,Miya.Warner@example.com,Los Angeles,USA,0,1,0,Miya Warner
562,Marjorie,Morrison,642-203-8931,Marjorie.Morrison@example.com,San Francisco,USA,1,0,0,Marjorie Morrison
563,Safaa,Sharpe,648-955-3738,Safaa.Sharpe@example.com,San Francisco,USA,0,1,0,Safaa Sharpe
564,Craig,Mcknight,634-813-9351,Craig.Mcknight@example.com,Chicago,USA,1,1,0,Craig Mcknight
565,Alice,Huber,190-538-3053,Alice.Huber@example.com,Chicago,USA,0,1,0,Alice Huber
566,Cruz,Neal,732-513-2567,Cruz.Neal@example.com,Chicago,USA,0,1,0,Cruz Neal
567,Macy,King,475-826-7209,Macy.King@example.com,Montreal,Canada,1,0,0,Macy King
568,Zaki,Mcpherson,344-278-2013,Zaki.Mcpherson@example.com,San Francisco,USA,1,1,0,Zaki Mcpherson
569,Magnus,Mcneil,125-993-7660,Magnus.Mcneil@example.com,San Francisco,USA,0,1,1,Magnus Mcneil
570,Vinnie,Schwartz,790-948-7013,Vinnie.Schwartz@example.com,San Diego,USA,0,1,0,Vinnie Schwartz
571,Keelan,Thompson,254-156-9308,Keelan.Thompson@example.com,San Francisco,USA,0,1,1,Keelan Thompson
572,Davina,O'Doherty,330-649-8079,Davina.O'Doherty@example.com,New York,USA,1,1,0,Davina O'Doherty
573,Arron,Herman,999-222-5375,Arron.Herman@example.com,San Diego,USA,0,1,0,Arron Herman
575,Casper,Padilla,823-261-2968,Casper.Padilla@example.com,San Francisco,USA,1,0,1,Casper Padilla
576,David,Mcconnell,967-585-7262,David.Mcconnell@example.com,San Francisco,USA,0,0,1,David Mcconnell
577,Yasin,Rogers,416-776-3422,Yasin.Rogers@example.com,San Diego,USA,0,0,1,Yasin Rogers
578,Demi,Callahan,713-176-8275,Demi.Callahan@example.com,Toronto,Canada,1,0,0,Demi Callahan
579,Sufyaan,Castillo,412-479-8766,Sufyaan.Castillo@example.com,Montreal,Canada,1,1,0,Sufyaan Castillo
581,Kamal,Gates,622-660-1036,Kamal.Gates@example.com,Chicago,USA,1,0,0,Kamal Gates
582,Yusra,Norman,945-940-4995,Yusra.Norman@example.com,Los Angeles,USA,1,1,0,Yusra Norman
583,Bryony,Stevens,537-447-5075,Bryony.Stevens@example.com,New York,USA,0,1,0,Bryony Stevens
584,Darcy,Jenkins,705-890-7715,Darcy.Jenkins@example.com,Los Angeles,USA,0,0,1,Darcy Jenkins
585,Sufyan,Guzman,125-583-6823,Sufyan.Guzman@example.com,Montreal,Canada,0,1,1,Sufyan Guzman
586,Casey,Finley,306-893-4689,Casey.Finley@example.com,London,United Kingdom,1,1,1,Casey Finley
587,Alina,Odom,737-828-4041,Alina.Odom@example.com,Chicago,USA,1,1,1,Alina Odom
588,Miranda,Cain,377-263-6278,Miranda.Cain@example.com,Los Angeles,USA,0,1,0,Miranda Cain
589,Omari,Gibbs,524-749-7401,Omari.Gibbs@example.com,San Diego,USA,0,1,0,Omari Gibbs
590,Susannah,Kane,172-773-1455,Susannah.Kane@example.com,New York,USA,1,1,1,Susannah Kane
591,Annalise,Stephens,853-224-1381,Annalise.Stephens@example.com,Toronto,Canada,0,1,1,Annalise Stephens
592,Jamil,Shepherd,298-276-5058,Jamil.Shepherd@example.com,Toronto,Canada,1,1,1,Jamil Shepherd
593,Danyal,Lang,629-875-4423,Danyal.Lang@example.com,Toronto,Canada,0,1,1,Danyal Lang
594,Barry,Reilly,117-863-9669,Barry.Reilly@example.com,Montreal,Canada,0,1,0,Barry Reilly
595,Archie,Gregory,945-301-2904,Archie.Gregory@example.com,San Diego,USA,1,1,0,Archie Gregory
596,Hajra,Baxter,600-542-2254,Hajra.Baxter@example.com,San Francisco,USA,1,0,0,Hajra Baxter
597,Earl,Fowler,648-268-9331,Earl.Fowler@example.com,Los Angeles,USA,1,0,1,Earl Fowler
598,Monica,Bruce,302-368-5572,Monica.Bruce@example.com,Los Angeles,USA,0,0,1,Monica Bruce
599,Astrid,Delgado,641-317-3741,Astrid.Delgado@example.com,London,United Kingdom,1,1,1,Astrid Delgado
600,Bill,Jacobs,279-704-9018,Bill.Jacobs@example.com,San Francisco,USA,1,0,0,Bill Jacobs
601,Rio,Pennington,473-123-1959,Rio.Pennington@example.com,New York,USA,1,1,1,Rio Pennington
602,Jazmin,Lopez,116-866-3838,Jazmin.Lopez@example.com,Los Angeles,USA,1,1,1,Jazmin Lopez
603,Bilal,Shaffer,308-774-7278,Bilal.Shaffer@example.com,San Diego,USA,0,1,0,Bilal Shaffer
604,Elisha,Cobb,821-536-1739,Elisha.Cobb@example.com,San Francisco,USA,0,0,1,Elisha Cobb
605,Earl,Hobbs,916-866-7237,Earl.Hobbs@example.com,New York,USA,0,1,0,Earl Hobbs
606,Bertha,Walsh,129-506-2067,Bertha.Walsh@example.com,London,United Kingdom,1,0,1,Bertha Walsh
607,Bibi,Roberts,631-796-8801,Bibi.Roberts@example.com,New York,USA,1,0,0,Bibi Roberts
608,Rishi,Barron,331-128-4346,Rishi.Barron@example.com,Montreal,Canada,1,1,1,Rishi Barron
610,Keira,Herman,607-258-2059,Keira.Herman@example.com,Los Angeles,USA,1,0,0,Keira Herman
611,Omari,Richmond,921-179-3270,Omari.Richmond@example.com,San Diego,USA,0,1,0,Omari Richmond
612,Rabia,Parsons,244-470-8381,Rabia.Parsons@example.com,Montreal,Canada,1,0,0,Rabia Parsons
613,Larissa,Perez,742-168-6071,Larissa.Perez@example.com,London,United Kingdom,1,1,0,Larissa Perez
615,Katelyn,Collins,878-870-9506,Katelyn.Collins@example.com,San Diego,USA,1,0,0,Katelyn Collins
616,Jerry,Whitney,990-444-7435,Jerry.Whitney@example.com,San Francisco,USA,0,1,1,Jerry Whitney
617,Beau,Duran,797-203-1866,Beau.Duran@example.com,New York,USA,1,0,1,Beau Duran
618,Janet,Hughes,194-769-6265,Janet.Hughes@example.com,Los Angeles,USA,0,0,1,Janet Hughes
619,Ria,Ponce,547-111-1151,Ria.Ponce@example.com,Chicago,USA,0,0,1,Ria Ponce
620,Neo,Lara,276-319-4768,Neo.Lara@example.com,Toronto,Canada,1,0,1,Neo Lara
621,Kiana,Carter,219-142-7516,Kiana.Carter@example.com,San Diego,USA,0,0,1,Kiana Carter
622,Alexa,Baird,604-771-4056,Alexa.Baird@example.com,San Francisco,USA,0,0,1,Alexa Baird
623,Ronald,Estes,328-873-2183,Ronald.Estes@example.com,Chicago,USA,0,0,1,Ronald Estes
624,Nia,Adams,520-550-1148,Nia.Adams@example.com,San Diego,USA,1,1,1,Nia Adams
625,Diane,Kelly,219-449-5089,Diane.Kelly@example.com,Montreal,Canada,1,0,1,Diane Kelly
626,Phoenix,Chapman,791-853-6464,Phoenix.Chapman@example.com,Los Angeles,USA,1,1,1,Phoenix Chapman
627,Everly,Key,152-557-5017,Everly.Key@example.com,New York,USA,0,0,1,Everly Key
629,Mae,Castro,714-485-2518,Mae.Castro@example.com,San Francisco,USA,0,1,1,Mae Castro
630,Harold,Sharpe,646-622-1082,Harold.Sharpe@example.com,New York,USA,1,1,0,Harold Sharpe
631,Brooklyn,Fowler,933-501-9509,Brooklyn.Fowler@example.com,San Francisco,USA,1,1,1,Brooklyn Fowler
632,Enya,Chen,266-343-6530,Enya.Chen@example.com,Los Angeles,USA,1,0,1,Enya Chen
633,Luisa,Fisher,510-167-1940,Luisa.Fisher@example.com,San Diego,USA,0,0,1,Luisa Fisher
634,Elodie,Flores,565-243-9336,Elodie.Flores@example.com,San Francisco,USA,1,1,0,Elodie Flores
635,Hazel,Yoder,839-203-3903,Hazel.Yoder@example.com,London,United Kingdom,1,0,0,Hazel Yoder
636,Amber,Gonzalez,884-628-1984,Amber.Gonzalez@example.com,London,United Kingdom,0,1,0,Amber Gonzalez
637,Juliet,Buck,499-242-5191,Juliet.Buck@example.com,San Francisco,USA,1,0,1,Juliet Buck
638,Jamie,Berg,397-515-6866,Jamie.Berg@example.com,Los Angeles,USA,0,1,0,Jamie Berg
639,Stella,Wilkinson,145-501-4975,Stella.Wilkinson@example.com,Los Angeles,USA,1,0,1,Stella Wilkinson
640,Nadia,Wyatt,277-573-9871,Nadia.Wyatt@example.com,San Diego,USA,1,1,1,Nadia Wyatt
641,Kacie,Morse,108-917-7237,Kacie.Morse@example.com,Toronto,Canada,1,1,1,Kacie Morse
642,Seth,Walter,988-932-7592,Seth.Walter@example.com,London,United Kingdom,0,0,1,Seth Walter
643,Lauren,Ashley,564-133-8260,Lauren.Ashley@example.com,London,United Kingdom,0,1,1,Lauren Ashley
644,Wilfred,Michael,632-902-2453,Wilfred.Michael@example.com,Chicago,USA,0,0,1,Wilfred Michael
645,Gary,Richards,970-902-7934,Gary.Richards@example.com,Toronto,Canada,1,0,1,Gary Richards
646,Brittney,Ruiz,259-940-6592,Brittney.Ruiz@example.com,San Francisco,USA,0,1,1,Brittney Ruiz
647,Jaxson,Moss,499-701-5813,Jaxson.Moss@example.com,San Francisco,USA,1,0,1,Jaxson Moss
648,Luna,Levy,855-484-1981,Luna.Levy@example.com,San Francisco,USA,1,1,1,Luna Levy
651,Jamil,Maldonado,424-799-2220,Jamil.Maldonado@example.com,New York,USA,1,1,0,Jamil Maldonado
652,Dillon,Johnston,732-904-7872,Dillon.Johnston@example.com,New York,USA,0,1,0,Dillon Johnston
653,Lilli,Bowman,551-867-4367,Lilli.Bowman@example.com,New York,USA,0,0,1,Lilli Bowman
654,Dexter,Hartley,582-489-4208,Dexter.Hartley@example.com,San Diego,USA,0,0,1,Dexter Hartley
655,Hari,Everett,487-669-8884,Hari.Everett@example.com,San Francisco,USA,0,1,1,Hari Everett
656,Tomos,Velez,233-661-3978,Tomos.Velez@example.com,Los Angeles,USA,1,1,0,Tomos Velez
657,Abu,Delacruz,401-411-2184,Abu.Delacruz@example.com,New York,USA,1,0,1,Abu Delacruz
658,Syeda,Calhoun,738-680-1717,Syeda.Calhoun@example.com,Chicago,USA,0,1,0,Syeda Calhoun
659,Oliwier,Gill,902-175-4864,Oliwier.Gill@example.com,San Diego,USA,1,1,1,Oliwier Gill
660,Zayn,Kaufman,893-890-8415,Zayn.Kaufman@example.com,Chicago,USA,0,1,1,Zayn Kaufman
661,Vera,Walker,516-811-2158,Vera.Walker@example.com,London,United Kingdom,0,1,1,Vera Walker
662,Anthony,Mccullough,330-176-2600,Anthony.Mccullough@example.com,Chicago,USA,0,1,0,Anthony Mccullough
663,Rowan,Acevedo,223-620-9032,Rowan.Acevedo@example.com,Los Angeles,USA,0,1,1,Rowan Acevedo
664,Zara,Oconnell,543-537-6044,Zara.Oconnell@example.com,Toronto,Canada,1,0,0,Zara Oconnell
665,Lucia,Cisneros,470-574-7167,Lucia.Cisneros@example.com,San Francisco,USA,1,1,1,Lucia Cisneros
666,Julius,Donnelly,733-325-2658,Julius.Donnelly@example.com,San Francisco,USA,1,1,0,Julius Donnelly
667,Theresa,Bentley,553-407-1049,Theresa.Bentley@example.com,San Francisco,USA,1,0,0,Theresa Bentley
668,Joshua,Bonner,550-710-1849,Joshua.Bonner@example.com,San Francisco,USA,0,1,0,Joshua Bonner
669,Abdirahman,Marsh,653-601-4374,Abdirahman.Marsh@example.com,Toronto,Canada,0,0,1,Abdirahman Marsh
670,Jacob,Patton,914-260-3945,Jacob.Patton@example.com,San Diego,USA,1,1,1,Jacob Patton
671,Alexander,Terry,480-560-1876,Alexander.Terry@example.com,New York,USA,1,1,1,Alexander Terry
672,Kane,Huff,417-611-9319,Kane.Huff@example.com,Chicago,USA,0,1,0,Kane Huff
673,Sapphire,Hatfield,564-357-3504,Sapphire.Hatfield@example.com,San Francisco,USA,1,1,1,Sapphire Hatfield
674,Mahir,Cooper,829-570-7880,Mahir.Cooper@example.com,San Francisco,USA,0,1,0,Mahir Cooper
675,Tom,Tapia,439-227-1780,Tom.Tapia@example.com,Chicago,USA,0,1,0,Tom Tapia
676,Oliwia,Harvey,143-701-8741,Oliwia.Harvey@example.com,San Francisco,USA,0,1,0,Oliwia Harvey
677,Kelvin,Hendricks,767-726-4455,Kelvin.Hendricks@example.com,San Diego,USA,1,0,0,Kelvin Hendricks
678,Mustafa,Mason,866-179-9539,Mustafa.Mason@example.com,Los Angeles,USA,0,0,1,Mustafa Mason
679,Gabriela,Norton,138-968-6467,Gabriela.Norton@example.com,Chicago,USA,1,0,0,Gabriela Norton
680,Esha,Zuniga,807-517-9078,Esha.Zuniga@example.com,Los Angeles,USA,0,1,1,Esha Zuniga
681,Lucas,Burke,321-512-2703,Lucas.Burke@example.com,Toronto,Canada,0,1,1,Lucas Burke
682,Laura,Valdez,766-901-1157,Laura.Valdez@example.com,Los Angeles,USA,1,1,1,Laura Valdez
683,Irene,Kim,946-883-2145,Irene.Kim@example.com,San Francisco,USA,0,0,1,Irene Kim
684,Raheem,Ellis,491-961-7709,Raheem.Ellis@example.com,Chicago,USA,0,1,1,Raheem Ellis
685,Lisa,Mcclain,518-968-9659,Lisa.Mcclain@example.com,New York,USA,1,0,0,Lisa Mcclain
686,Mohamed,Miller,883-481-7339,Mohamed.Miller@example.com,San Diego,USA,1,1,1,Mohamed Miller
687,Thea,Suarez,647-211-7337,Thea.Suarez@example.com,Toronto,Canada,1,1,1,Thea Suarez
688,Leighton,Crane,372-753-5586,Leighton.Crane@example.com,Los Angeles,USA,0,1,0,Leighton Crane
689,Kayla,Jones,579-756-1305,Kayla.Jones@example.com,London,United Kingdom,1,0,1,Kayla Jones
690,Jessie,Noble,557-354-5286,Jessie.Noble@example.com,San Francisco,USA,0,0,1,Jessie Noble
692,Azaan,Barker,326-267-7811,Azaan.Barker@example.com,New York,USA,1,1,1,Azaan Barker
693,Jayden,Dunlap,626-458-8110,Jayden.Dunlap@example.com,New York,USA,1,0,1,Jayden Dunlap
694,Richard,Pope,216-184-3684,Richard.Pope@example.com,Los Angeles,USA,1,1,1,Richard Pope
695,Xander,Levine,790-969-1579,Xander.Levine@example.com,Toronto,Canada,0,1,1,Xander Levine
696,Anais,Pineda,609-304-3412,Anais.Pineda@example.com,New York,USA,1,0,0,Anais Pineda
697,Donald,Horne,738-911-3567,Donald.Horne@example.com,San Francisco,USA,1,0,1,Donald Horne
698,Arjun,Dejesus,693-790-8692,Arjun.Dejesus@example.com,Chicago,USA,0,0,1,Arjun Dejesus
699,Jonathan,Klein,495-419-4637,Jonathan.Klein@example.com,Los Angeles,USA,0,1,0,Jonathan Klein
700,Dante,Burgess,222-241-4261,Dante.Burgess@example.com,San Diego,USA,1,1,0,Dante Burgess
701,Tamsin,Stein,953-386-1321,Tamsin.Stein@example.com,Los Angeles,USA,1,0,1,Tamsin Stein
702,Brayden,Patrick,173-881-1582,Brayden.Patrick@example.com,Los Angeles,USA,1,1,0,Brayden Patrick
703,Wade,Hancock,245-455-9119,Wade.Hancock@example.com,London,United Kingdom,1,1,1,Wade Hancock
704,Nicholas,Thomson,936-615-3052,Nicholas.Thomson@example.com,Toronto,Canada,0,0,1,Nicholas Thomson
705,Vincent,Garrison,598-173-8153,Vincent.Garrison@example.com,Chicago,USA,0,0,1,Vincent Garrison
706,Elisha,Garza,313-206-2033,Elisha.Garza@example.com,Los Angeles,USA,1,1,1,Elisha Garza
708,Enzo,Whitney,565-709-5636,Enzo.Whitney@example.com,Chicago,USA,1,1,1,Enzo Whitney
709,Stacey,Daniel,246-819-8817,Stacey.Daniel@example.com,San Diego,USA,1,0,0,Stacey Daniel
710,Candice,Moyer,964-229-5609,Candice.Moyer@example.com,San Francisco,USA,1,0,1,Candice Moyer
711,Calvin,Tucker,338-784-4359,Calvin.Tucker@example.com,San Diego,USA,0,0,1,Calvin Tucker
712,Bronte,Mendoza,323-783-6615,Bronte.Mendoza@example.com,Toronto,Canada,1,0,1,Bronte Mendoza
713,Ameer,Orr,993-387-9130,Ameer.Orr@example.com,Chicago,USA,1,1,0,Ameer Orr
714,Isla,Barber,860-505-2643,Isla.Barber@example.com,Toronto,Canada,0,0,1,Isla Barber
716,Barnaby,Wagner,974-500-4168,Barnaby.Wagner@example.com,Montreal,Canada,0,1,0,Barnaby Wagner
717,Barry,Taylor,999-341-2797,Barry.Taylor@example.com,San Francisco,USA,0,1,0,Barry Taylor
718,Esme,Reeves,151-285-9583,Esme.Reeves@example.com,Chicago,USA,0,1,0,Esme Reeves
719,Marnie,White,267-434-1395,Marnie.White@example.com,San Francisco,USA,1,0,0,Marnie White
720,Giovanni,Duncan,679-161-6360,Giovanni.Duncan@example.com,New York,USA,0,1,1,Giovanni Duncan
721,Hannah,Roman,331-750-4621,Hannah.Roman@example.com,London,United Kingdom,0,0,1,Hannah Roman
722,Nannie,Hunt,290-190-1157,Nannie.Hunt@example.com,Chicago,USA,1,1,0,Nannie Hunt
723,Yash,Mcleod,270-525-3291,Yash.Mcleod@example.com,London,United Kingdom,1,0,0,Yash Mcleod
724,Mae,Barry,501-577-5306,Mae.Barry@example.com,London,United Kingdom,0,0,1,Mae Barry
725,Dylan,York,832-799-7454,Dylan.York@example.com,Chicago,USA,0,0,1,Dylan York
726,Aya,Weeks,466-888-7144,Aya.Weeks@example.com,Toronto,Canada,1,0,1,Aya Weeks
727,Dawn,Cisneros,375-337-2745,Dawn.Cisneros@example.com,Toronto,Canada,0,1,0,Dawn Cisneros
728,Rohan,Figueroa,542-617-7442,Rohan.Figueroa@example.com,New York,USA,1,0,0,Rohan Figueroa
729,Abigail,Medina,857-602-1192,Abigail.Medina@example.com,London,United Kingdom,1,1,0,Abigail Medina
730,Rhodri,Haley,574-869-4715,Rhodri.Haley@example.com,London,United Kingdom,0,0,1,Rhodri Haley
731,Denzel,Black,677-290-8939,Denzel.Black@example.com,San Francisco,USA,1,1,0,Denzel Black
732,Sienna,Howard,835-486-5256,Sienna.Howard@example.com,Los Angeles,USA,0,1,0,Sienna Howard
733,Fahad,Gill,796-816-9963,Fahad.Gill@example.com,Chicago,USA,1,0,1,Fahad Gill
734,Harun,Clark,853-267-3048,Harun.Clark@example.com,San Francisco,USA,1,0,0,Harun Clark
735,Shane,Wheeler,315-892-7127,Shane.Wheeler@example.com,Los Angeles,USA,1,0,1,Shane Wheeler
737,Kiara,Bell,614-291-6530,Kiara.Bell@example.com,San Francisco,USA,1,0,1,Kiara Bell
738,Gertrude,Mcgrath,364-150-1035,Gertrude.Mcgrath@example.com,Toronto,Canada,1,0,1,Gertrude Mcgrath
739,Lewis,Brooks,737-205-4525,Lewis.Brooks@example.com,New York,USA,0,1,1,Lewis Brooks
740,Khalid,Burke,973-766-4810,Khalid.Burke@example.com,Chicago,USA,0,0,1,Khalid Burke
742,Kieran,Hoover,101-165-2021,Kieran.Hoover@example.com,New York,USA,1,1,0,Kieran Hoover
743,Wendy,Mcclure,830-402-9784,Wendy.Mcclure@example.com,San Diego,USA,1,0,0,Wendy Mcclure
744,Haydn,Ramos,354-376-9233,Haydn.Ramos@example.com,Los Angeles,USA,1,0,1,Haydn Ramos
745,Nettie,Bryan,274-274-8873,Nettie.Bryan@example.com,Chicago,USA,0,1,0,Nettie Bryan
746,Isabelle,Jenkins,724-444-3001,Isabelle.Jenkins@example.com,San Diego,USA,1,0,1,Isabelle Jenkins
747,Tia,Ali,507-663-5326,Tia.Ali@example.com,San Francisco,USA,1,0,0,Tia Ali
748,Montgomery,Davila,267-999-7224,Montgomery.Davila@example.com,New York,USA,1,1,0,Montgomery Davila
749,Tobias,Beltran,598-751-1029,Tobias.Beltran@example.com,Chicago,USA,0,1,1,Tobias Beltran
750,Yusuf,Dickerson,502-896-9441,Yusuf.Dickerson@example.com,San Francisco,USA,1,0,0,Yusuf Dickerson
751,Holly,Dillon,662-944-2078,Holly.Dillon@example.com,San Diego,USA,0,1,0,Holly Dillon
752,Marwa,Dennis,444-295-8051,Marwa.Dennis@example.com,Chicago,USA,0,0,1,Marwa Dennis
753,Anais,Ball,802-416-6545,Anais.Ball@example.com,San Diego,USA,0,1,1,Anais Ball
754,Adem,Kerr,219-873-6077,Adem.Kerr@example.com,Toronto,Canada,0,0,1,Adem Kerr
755,Amie,Hood,659-426-4878,Amie.Hood@example.com,Los Angeles,USA,1,0,0,Amie Hood
756,Herbie,Huber,562-925-1087,Herbie.Huber@example.com,New York,USA,1,0,1,Herbie Huber
757,Bill,Andersen,962-770-1270,Bill.Andersen@example.com,Toronto,Canada,1,0,1,Bill Andersen
758,Halima,Maldonado,831-743-6220,Halima.Maldonado@example.com,San Francisco,USA,1,0,1,Halima Maldonado
760,Bertie,Cobb,171-373-6091,Bertie.Cobb@example.com,San Francisco,USA,0,1,0,Bertie Cobb
761,Gordon,Morales,973-462-1199,Gordon.Morales@example.com,Chicago,USA,1,1,0,Gordon Morales
762,Frederick,Everett,262-696-7077,Frederick.Everett@example.com,San Francisco,USA,1,1,0,Frederick Everett
763,Huda,Crane,243-321-6881,Huda.Crane@example.com,Toronto,Canada,1,1,0,Huda Crane
764,Cecily,Escobar,840-532-1467,Cecily.Escobar@example.com,New York,USA,0,1,0,Cecily Escobar
765,Amir,Blackwell,291-386-7567,Amir.Blackwell@example.com,San Francisco,USA,0,1,0,Amir Blackwell
766,Sasha,Berger,492-295-4570,Sasha.Berger@example.com,London,United Kingdom,1,0,0,Sasha Berger
767,Lina,Trujillo,351-538-5203,Lina.Trujillo@example.com,San Francisco,USA,0,1,0,Lina Trujillo
768,Caleb,Obrien,223-387-1014,Caleb.Obrien@example.com,Toronto,Canada,1,0,1,Caleb Obrien
769,Marilyn,Scott,360-359-2274,Marilyn.Scott@example.com,San Francisco,USA,1,1,1,Marilyn Scott
770,Jannat,Landry,754-634-9309,Jannat.Landry@example.com,Los Angeles,USA,1,1,1,Jannat Landry
771,Kristen,Curry,473-371-9332,Kristen.Curry@example.com,San Francisco,USA,0,1,0,Kristen Curry
772,Rajan,Dickson,372-775-6929,Rajan.Dickson@example.com,San Diego,USA,1,0,0,Rajan Dickson
773,Luqman,Larson,100-329-7363,Luqman.Larson@example.com,San Francisco,USA,1,0,1,Luqman Larson
774,Bryan,Powell,235-538-4936,Bryan.Powell@example.com,San Francisco,USA,1,0,0,Bryan Powell
775,Haider,Lynn,796-196-9713,Haider.Lynn@example.com,San Francisco,USA,0,1,0,Haider Lynn
776,Jennie,Freeman,396-732-6980,Jennie.Freeman@example.com,Chicago,USA,0,1,0,Jennie Freeman
777,Mohsin,Conley,979-201-3101,Mohsin.Conley@example.com,San Francisco,USA,1,0,0,Mohsin Conley
778,Willow,Buck,472-603-6198,Willow.Buck@example.com,San Francisco,USA,1,1,1,Willow Buck
779,Krish,Hutchinson,405-788-7051,Krish.Hutchinson@example.com,London,United Kingdom,1,1,1,Krish Hutchinson
780,Madeline,Mann,441-188-5776,Madeline.Mann@example.com,New York,USA,0,0,1,Madeline Mann
781,Mari,Phillips,301-646-5827,Mari.Phillips@example.com,Los Angeles,USA,0,1,1,Mari Phillips
782,Paula,West,345-217-2266,Paula.West@example.com,London,United Kingdom,0,0,1,Paula West
783,Saira,Lewis,921-562-9790,Saira.Lewis@example.com,New York,USA,0,0,1,Saira Lewis
784,Tiana,Decker,255-136-3687,Tiana.Decker@example.com,London,United Kingdom,0,1,1,Tiana Decker
786,Earl,Vargas,821-464-7474,Earl.Vargas@example.com,San Francisco,USA,0,1,0,Earl Vargas
787,Delilah,Wu,668-572-6520,Delilah.Wu@example.com,Los Angeles,USA,0,0,1,Delilah Wu
789,Lloyd,Wise,521-580-3829,Lloyd.Wise@example.com,San Francisco,USA,0,0,1,Lloyd Wise
790,Alex,Alexander,489-290-8290,Alex.Alexander@example.com,San Francisco,USA,1,0,1,Alex Alexander
791,Aoife,Davidson,628-333-9139,Aoife.Davidson@example.com,London,United Kingdom,1,0,0,Aoife Davidson
792,Emilie,Frye,193-516-9014,Emilie.Frye@example.com,San Francisco,USA,0,0,1,Emilie Frye
793,Elif,Hopkins,953-491-9939,Elif.Hopkins@example.com,New York,USA,0,0,1,Elif Hopkins
794,Hazel,Watson,349-725-3565,Hazel.Watson@example.com,New York,USA,1,1,0,Hazel Watson
795,Jonathan,David,815-636-7913,Jonathan.David@example.com,San Francisco,USA,0,1,0,Jonathan David
796,Robbie,Hardy,950-716-3630,Robbie.Hardy@example.com,Chicago,USA,1,0,0,Robbie Hardy
797,Lilian,Strickland,925-438-1993,Lilian.Strickland@example.com,Toronto,Canada,1,1,0,Lilian Strickland
799,Richard,Jones,478-814-3941,Richard.Jones@example.com,San Francisco,USA,0,1,1,Richard Jones
800,Olivier,Thornton,401-494-6634,Olivier.Thornton@example.com,Montreal,Canada,1,1,1,Olivier Thornton
801,Gabriel,Mccormick,903-845-9623,Gabriel.Mccormick@example.com,New York,USA,0,1,0,Gabriel Mccormick
802,Eleni,Maxwell,449-237-4755,Eleni.Maxwell@example.com,San Diego,USA,1,0,0,Eleni Maxwell
803,Susan,Fowler,305-117-8580,Susan.Fowler@example.com,San Diego,USA,1,0,1,Susan Fowler
804,Amin,Petersen,680-177-1233,Amin.Petersen@example.com,London,United Kingdom,0,1,0,Amin Petersen
805,Gareth,Sanford,161-842-7749,Gareth.Sanford@example.com,Chicago,USA,1,0,0,Gareth Sanford
806,Miriam,Stuart,846-333-2100,Miriam.Stuart@example.com,Montreal,Canada,1,1,1,Miriam Stuart
807,Polly,Mendez,916-453-8696,Polly.Mendez@example.com,San Francisco,USA,1,0,1,Polly Mendez
808,Omer,Kemp,857-531-3045,Omer.Kemp@example.com,San Francisco,USA,1,1,0,Omer Kemp
809,Abdullahi,Carson,632-547-8327,Abdullahi.Carson@example.com,Toronto,Canada,1,1,1,Abdullahi Carson
810,Syed,Mooney,348-929-4959,Syed.Mooney@example.com,San Francisco,USA,0,1,1,Syed Mooney
811,Dante,Moon,285-551-6208,Dante.Moon@example.com,New York,USA,1,1,1,Dante Moon
812,Saad,Ali,185-189-3978,Saad.Ali@example.com,San Francisco,USA,0,0,1,Saad Ali
813,Arthur,Hebert,203-343-2956,Arthur.Hebert@example.com,New York,USA,1,0,0,Arthur Hebert
814,Demi,Patel,703-829-8473,Demi.Patel@example.com,Los Angeles,USA,1,1,0,Demi Patel
815,Aurora,Andrews,353-307-2005,Aurora.Andrews@example.com,San Diego,USA,0,1,0,Aurora Andrews
817,Renee,Mullen,185-170-8307,Renee.Mullen@example.com,San Diego,USA,1,1,0,Renee Mullen
818,Alexander,Reid,842-314-3728,Alexander.Reid@example.com,Montreal,Canada,0,1,1,Alexander Reid
819,Dewey,Lucas,323-234-9528,Dewey.Lucas@example.com,San Francisco,USA,0,0,1,Dewey Lucas
820,Wilbur,Hicks,979-216-9924,Wilbur.Hicks@example.com,San Diego,USA,1,0,0,Wilbur Hicks
821,Riley,Fletcher,522-750-5985,Riley.Fletcher@example.com,London,United Kingdom,1,0,0,Riley Fletcher
822,Marissa,Hayes,365-359-3043,Marissa.Hayes@example.com,San Francisco,USA,1,1,1,Marissa Hayes
823,Juliette,Gordon,424-534-2837,Juliette.Gordon@example.com,Chicago,USA,1,1,0,Juliette Gordon
824,Dan,Bates,944-189-5693,Dan.Bates@example.com,San Francisco,USA,0,1,0,Dan Bates
825,Chiara,Ho,279-331-5254,Chiara.Ho@example.com,Montreal,Canada,0,0,1,Chiara Ho
826,Sinead,Montes,711-829-6800,Sinead.Montes@example.com,New York,USA,1,0,0,Sinead Montes
827,Laurence,Graves,609-435-5709,Laurence.Graves@example.com,Los Angeles,USA,0,1,0,Laurence Graves
828,Nora,Donaldson,414-618-5713,Nora.Donaldson@example.com,San Diego,USA,1,1,1,Nora Donaldson
829,Ismaeel,Schmidt,110-478-3409,Ismaeel.Schmidt@example.com,Los Angeles,USA,0,0,1,Ismaeel Schmidt
830,Adem,Mccoy,885-779-4082,Adem.Mccoy@example.com,San Francisco,USA,1,1,1,Adem Mccoy
831,Angel,Browning,768-205-1455,Angel.Browning@example.com,Los Angeles,USA,0,1,0,Angel Browning
832,Mabel,Foley,417-857-9143,Mabel.Foley@example.com,New York,USA,0,1,0,Mabel Foley
833,Hayley,Montoya,672-566-6794,Hayley.Montoya@example.com,New York,USA,0,1,0,Hayley Montoya
834,Arnold,Spencer,962-701-8237,Arnold.Spencer@example.com,San Francisco,USA,0,1,1,Arnold Spencer
835,Russell,Carlson,635-758-7564,Russell.Carlson@example.com,San Francisco,USA,1,1,0,Russell Carlson
836,Sasha,Ponce,746-650-5343,Sasha.Ponce@example.com,New York,USA,1,0,1,Sasha Ponce
837,Izaak,Welsh,280-473-9965,Izaak.Welsh@example.com,Los Angeles,USA,1,1,1,Izaak Welsh
838,Aisha,Sosa,964-448-9785,Aisha.Sosa@example.com,New York,USA,0,0,1,Aisha Sosa
839,Keeley,Mills,123-972-2938,Keeley.Mills@example.com,New York,USA,0,1,0,Keeley Mills
840,Mason,Kelley,185-970-1196,Mason.Kelley@example.com,San Francisco,USA,1,1,0,Mason Kelley
841,Khalid,Davies,191-582-9251,Khalid.Davies@example.com,San Francisco,USA,0,1,0,Khalid Davies
842,Nancy,Blair,434-174-7916,Nancy.Blair@example.com,Toronto,Canada,0,1,1,Nancy Blair
844,Marnie,Sheppard,576-261-4653,Marnie.Sheppard@example.com,Los Angeles,USA,0,1,0,Marnie Sheppard
845,Valerie,Bright,838-333-3237,Valerie.Bright@example.com,Los Angeles,USA,0,0,1,Valerie Bright
846,John,Mason,768-888-3211,John.Mason@example.com,San Diego,USA,1,1,0,John Mason
847,Hamish,Khan,609-154-4773,Hamish.Khan@example.com,Los Angeles,USA,0,1,0,Hamish Khan
848,Charis,Bray,175-925-8526,Charis.Bray@example.com,Los Angeles,USA,1,1,0,Charis Bray
849,Soraya,Bradford,951-513-3667,Soraya.Bradford@example.com,Chicago,USA,0,1,0,Soraya Bradford
850,Taylor,Woods,294-365-8364,Taylor.Woods@example.com,Chicago,USA,1,1,1,Taylor Woods
851,Eshal,Carpenter,918-191-3394,Eshal.Carpenter@example.com,Chicago,USA,1,1,0,Eshal Carpenter
852,Evelyn,Cross,312-643-8868,Evelyn.Cross@example.com,San Francisco,USA,0,0,1,Evelyn Cross
853,Chester,Bell,501-541-1518,Chester.Bell@example.com,New York,USA,0,0,1,Chester Bell
854,Ffion,Knight,233-159-4158,Ffion.Knight@example.com,San Diego,USA,0,0,1,Ffion Knight
855,Yaseen,Kennedy,778-172-1502,Yaseen.Kennedy@example.com,Chicago,USA,1,1,1,Yaseen Kennedy
856,Maisie,Cunningham,389-110-9784,Maisie.Cunningham@example.com,Los Angeles,USA,0,1,1,Maisie Cunningham
857,Clementine,Beck,607-793-6646,Clementine.Beck@example.com,San Diego,USA,0,1,1,Clementine Beck
859,Sameer,Watkins,982-313-9358,Sameer.Watkins@example.com,Montreal,Canada,0,1,0,Sameer Watkins
860,Anton,Hartman,708-986-9234,Anton.Hartman@example.com,London,United Kingdom,1,1,1,Anton Hartman
861,Deacon,Boone,950-335-6994,Deacon.Boone@example.com,New York,USA,1,1,1,Deacon Boone
862,Alexandros,Ryan,849-570-8792,Alexandros.Ryan@example.com,Los Angeles,USA,1,1,1,Alexandros Ryan
863,Mya,Delgado,760-931-9269,Mya.Delgado@example.com,London,United Kingdom,0,0,1,Mya Delgado
864,Asia,Holloway,512-876-7834,Asia.Holloway@example.com,Los Angeles,USA,0,1,0,Asia Holloway
865,Christina,Blanchard,420-887-3636,Christina.Blanchard@example.com,New York,USA,0,1,0,Christina Blanchard
866,Emelia,Bridges,347-640-5509,Emelia.Bridges@example.com,San Diego,USA,1,1,0,Emelia Bridges
867,Ioan,Harrington,803-120-2281,Ioan.Harrington@example.com,San Diego,USA,0,0,1,Ioan Harrington
868,Cecilia,David,919-925-5280,Cecilia.David@example.com,New York,USA,1,1,1,Cecilia David
870,Stacey,Manning,981-952-6391,Stacey.Manning@example.com,Los Angeles,USA,1,0,0,Stacey Manning
871,Ronnie,Burch,184-620-1928,Ronnie.Burch@example.com,San Diego,USA,0,1,1,Ronnie Burch
873,Luke,Graham,132-159-2485,Luke.Graham@example.com,San Diego,USA,1,0,0,Luke Graham
874,Alasdair,Mckinney,608-300-8331,Alasdair.Mckinney@example.com,Montreal,Canada,1,1,0,Alasdair Mckinney
875,Cayden,Walls,355-649-8007,Cayden.Walls@example.com,San Francisco,USA,1,1,0,Cayden Walls
876,Serena,Lewis,730-187-7131,Serena.Lewis@example.com,Montreal,Canada,1,1,1,Serena Lewis
877,Drew,Orozco,531-709-2553,Drew.Orozco@example.com,San Diego,USA,0,0,1,Drew Orozco
878,Mateo,Francis,508-390-8347,Mateo.Francis@example.com,Los Angeles,USA,0,0,1,Mateo Francis
879,Lucy,Fuentes,427-948-5524,Lucy.Fuentes@example.com,New York,USA,1,1,0,Lucy Fuentes
880,Pippa,Harding,419-183-4778,Pippa.Harding@example.com,Chicago,USA,0,1,0,Pippa Harding
881,Kathleen,Carter,210-798-9930,Kathleen.Carter@example.com,San Francisco,USA,0,0,1,Kathleen Carter
882,Josie,Holt,745-483-6160,Josie.Holt@example.com,Los Angeles,USA,0,1,0,Josie Holt
883,Daniela,James,716-145-3987,Daniela.James@example.com,San Francisco,USA,0,0,1,Daniela James
884,Randy,Sparks,339-468-1078,Randy.Sparks@example.com,New York,USA,0,0,1,Randy Sparks
885,Omar,Ashley,156-912-7263,Omar.Ashley@example.com,Los Angeles,USA,0,0,1,Omar Ashley
886,Zachary,Lawson,655-475-1852,Zachary.Lawson@example.com,San Diego,USA,0,1,0,Zachary Lawson
887,Samson,Berger,815-817-9902,Samson.Berger@example.com,San Francisco,USA,1,1,1,Samson Berger
888,Liana,Baldwin,736-366-9050,Liana.Baldwin@example.com,San Diego,USA,1,0,0,Liana Baldwin
889,Lucas,Mcdowell,841-580-6320,Lucas.Mcdowell@example.com,Chicago,USA,1,1,0,Lucas Mcdowell
890,Ahmad,Landry,207-841-9893,Ahmad.Landry@example.com,Los Angeles,USA,0,1,0,Ahmad Landry
891,Cordelia,Serrano,950-319-1013,Cordelia.Serrano@example.com,London,United Kingdom,1,1,0,Cordelia Serrano
892,Sydney,Pratt,297-838-1084,Sydney.Pratt@example.com,Toronto,Canada,0,1,1,Sydney Pratt
893,Benjamin,Riddle,835-645-8652,Benjamin.Riddle@example.com,Toronto,Canada,1,1,0,Benjamin Riddle
894,Kyran,Foster,362-464-9875,Kyran.Foster@example.com,Chicago,USA,0,1,1,Kyran Foster
895,Kamil,Guzman,641-829-6099,Kamil.Guzman@example.com,San Francisco,USA,0,1,1,Kamil Guzman
896,Jordanne,Juarez,376-601-8743,Jordanne.Juarez@example.com,San Francisco,USA,0,0,1,Jordanne Juarez
897,Zoe,Decker,197-454-9658,Zoe.Decker@example.com,Los Angeles,USA,0,1,1,Zoe Decker
899,Frankie,Jenkins,301-409-5419,Frankie.Jenkins@example.com,San Francisco,USA,0,1,0,Frankie Jenkins
900,Zane,Oconnor,108-772-5524,Zane.Oconnor@example.com,Chicago,USA,0,1,0,Zane Oconnor
901,Lily-May,Horne,564-761-8451,Lily-May.Horne@example.com,Los Angeles,USA,0,0,1,Lily-May Horne
902,Mitchell,Murray,939-709-6815,Mitchell.Murray@example.com,San Francisco,USA,1,0,1,Mitchell Murray
903,Dominik,Velez,149-740-6115,Dominik.Velez@example.com,San Francisco,USA,1,0,1,Dominik Velez
905,Cory,Case,406-161-3681,Cory.Case@example.com,London,United Kingdom,1,0,0,Cory Case
907,Samia,Bradley,363-816-6259,Samia.Bradley@example.com,San Diego,USA,0,1,1,Samia Bradley
908,Nataniel,Glenn,504-112-5228,Nataniel.Glenn@example.com,Los Angeles,USA,1,1,1,Nataniel Glenn
909,Tyler,Vasquez,899-668-7177,Tyler.Vasquez@example.com,London,United Kingdom,0,0,1,Tyler Vasquez
910,Everly,Chaney,184-294-5435,Everly.Chaney@example.com,San Francisco,USA,0,1,0,Everly Chaney
911,Sapphire,Lane,847-138-8647,Sapphire.Lane@example.com,Chicago,USA,1,0,1,Sapphire Lane
912,Junaid,Fletcher,677-571-4277,Junaid.Fletcher@example.com,Los Angeles,USA,0,1,1,Junaid Fletcher
913,Ricardo,Odling,218-272-9415,Ricardo.Odling@example.com,New York,USA,1,0,1,Ricardo Odling
914,Nancy,Sharp,723-866-1140,Nancy.Sharp@example.com,Los Angeles,USA,0,1,0,Nancy Sharp
915,Barry,Buck,667-391-6777,Barry.Buck@example.com,San Francisco,USA,1,1,1,Barry Buck
916,Mya,Ho,448-770-8204,Mya.Ho@example.com,San Francisco,USA,0,1,1,Mya Ho
917,Carol,Russo,192-156-9508,Carol.Russo@example.com,Toronto,Canada,1,1,0,Carol Russo
918,William,Franco,196-468-3312,William.Franco@example.com,Toronto,Canada,1,0,1,William Franco
919,Ayesha,Underwood,687-284-9762,Ayesha.Underwood@example.com,San Francisco,USA,1,1,1,Ayesha Underwood
920,Kamil,Bernard,400-528-1349,Kamil.Bernard@example.com,San Francisco,USA,0,1,0,Kamil Bernard
921,Hollie,Escobar,978-312-6279,Hollie.Escobar@example.com,London,United Kingdom,1,1,1,Hollie Escobar
923,Russell,Long,399-959-7203,Russell.Long@example.com,Montreal,Canada,1,1,1,Russell Long
924,Kendra,Francis,680-603-3144,Kendra.Francis@example.com,San Francisco,USA,1,0,0,Kendra Francis
925,Yasmine,Scott,300-321-6761,Yasmine.Scott@example.com,San Diego,USA,0,1,0,Yasmine Scott
926,Ann,John,814-362-6094,Ann.John@example.com,San Francisco,USA,0,1,1,Ann John
927,Alejandro,Kent,915-320-3214,Alejandro.Kent@example.com,Chicago,USA,1,0,1,Alejandro Kent
928,Hanna,Knight,249-198-1689,Hanna.Knight@example.com,San Diego,USA,1,0,1,Hanna Knight
929,Alannah,Perkins,705-521-6039,Alannah.Perkins@example.com,Chicago,USA,1,0,1,Alannah Perkins
930,Christina,Mays,333-143-8841,Christina.Mays@example.com,San Francisco,USA,1,1,0,Christina Mays
931,Tori,Rowland,372-470-9101,Tori.Rowland@example.com,San Diego,USA,1,0,1,Tori Rowland
932,Ayden,Valentine,208-392-1702,Ayden.Valentine@example.com,San Francisco,USA,1,1,0,Ayden Valentine
933,Kaine,Blankenship,294-274-7917,Kaine.Blankenship@example.com,San Diego,USA,1,0,1,Kaine Blankenship
934,Alessandro,French,216-516-1958,Alessandro.French@example.com,San Diego,USA,1,1,0,Alessandro French
935,Chloe,Mullen,723-357-7363,Chloe.Mullen@example.com,New York,USA,1,0,0,Chloe Mullen
936,Ted,Wiggins,153-176-3641,Ted.Wiggins@example.com,San Diego,USA,1,0,0,Ted Wiggins
937,Nina,Mathews,863-385-2205,Nina.Mathews@example.com,New York,USA,0,0,1,Nina Mathews
938,Alisha,Hoover,500-251-7080,Alisha.Hoover@example.com,San Diego,USA,1,0,0,Alisha Hoover
939,Alyssa,Bradshaw,606-353-8050,Alyssa.Bradshaw@example.com,San Diego,USA,1,1,0,Alyssa Bradshaw
940,Marilyn,Hart,635-581-5074,Marilyn.Hart@example.com,Los Angeles,USA,1,1,1,Marilyn Hart
941,Connor,Neal,189-827-7386,Connor.Neal@example.com,Chicago,USA,1,1,0,Connor Neal
942,Cai,Rowe,263-391-9368,Cai.Rowe@example.com,New York,USA,1,1,0,Cai Rowe
943,Delores,Carroll,778-532-2184,Delores.Carroll@example.com,Chicago,USA,0,0,1,Delores Carroll
944,Hiba,Hicks,640-390-3390,Hiba.Hicks@example.com,Chicago,USA,1,0,1,Hiba Hicks
945,Elisha,Owens,195-699-1871,Elisha.Owens@example.com,Los Angeles,USA,0,0,1,Elisha Owens
946,Lacie,Mayer,412-562-8215,Lacie.Mayer@example.com,Toronto,Canada,1,0,1,Lacie Mayer
947,Isra,Burgess,142-470-3907,Isra.Burgess@example.com,San Diego,USA,1,1,0,Isra Burgess
948,Kobe,Knapp,911-288-9695,Kobe.Knapp@example.com,Los Angeles,USA,0,1,1,Kobe Knapp
949,Sufyaan,Villanueva,882-282-1419,Sufyaan.Villanueva@example.com,Toronto,Canada,1,0,0,Sufyaan Villanueva
950,Meredith,Reyes,680-737-7650,Meredith.Reyes@example.com,New York,USA,1,0,0,Meredith Reyes
951,Chelsea,Proctor,256-560-3458,Chelsea.Proctor@example.com,Chicago,USA,0,1,0,Chelsea Proctor
952,Humaira,Quinn,623-887-1255,Humaira.Quinn@example.com,London,United Kingdom,0,1,0,Humaira Quinn
953,Zaynab,Davila,767-906-5124,Zaynab.Davila@example.com,Toronto,Canada,0,0,1,Zaynab Davila
954,Aston,Villegas,553-640-6714,Aston.Villegas@example.com,Los Angeles,USA,1,1,0,Aston Villegas
955,Stuart,Clements,104-221-4124,Stuart.Clements@example.com,New York,USA,1,1,1,Stuart Clements
956,Zakariya,Stuart,192-776-4957,Zakariya.Stuart@example.com,Los Angeles,USA,0,1,0,Zakariya Stuart
957,Effie,Jordan,778-566-2709,Effie.Jordan@example.com,San Francisco,USA,0,1,1,Effie Jordan
958,Luna,Fowler,137-365-6816,Luna.Fowler@example.com,Los Angeles,USA,1,1,1,Luna Fowler
959,Haydn,Contreras,694-921-2135,Haydn.Contreras@example.com,Chicago,USA,0,1,1,Haydn Contreras
960,Lewis,Mcmahon,682-426-4872,Lewis.Mcmahon@example.com,San Francisco,USA,1,0,0,Lewis Mcmahon
961,Tobias,Schultz,995-854-2821,Tobias.Schultz@example.com,Los Angeles,USA,0,1,1,Tobias Schultz
963,Billy,Norton,816-614-5153,Billy.Norton@example.com,Chicago,USA,1,0,0,Billy Norton
964,Colby,Harding,584-554-7060,Colby.Harding@example.com,San Francisco,USA,1,1,1,Colby Harding
965,Renee,Arroyo,706-663-4493,Renee.Arroyo@example.com,Los Angeles,USA,0,1,1,Renee Arroyo
966,Marjorie,Munoz,385-637-4138,Marjorie.Munoz@example.com,Los Angeles,USA,1,0,0,Marjorie Munoz
967,Emilio,Stevenson,293-399-2353,Emilio.Stevenson@example.com,Toronto,Canada,1,0,0,Emilio Stevenson
968,Roosevelt,Huff,348-716-1274,Roosevelt.Huff@example.com,New York,USA,1,1,0,Roosevelt Huff
969,Layla,Roth,812-207-8855,Layla.Roth@example.com,Montreal,Canada,1,0,1,Layla Roth
970,Qasim,Bullock,392-468-4297,Qasim.Bullock@example.com,Chicago,USA,1,1,1,Qasim Bullock
971,Kyran,Duncan,433-632-3326,Kyran.Duncan@example.com,New York,USA,1,1,0,Kyran Duncan
972,Rhiannon,Vaughan,206-626-6238,Rhiannon.Vaughan@example.com,Chicago,USA,1,0,1,Rhiannon Vaughan
973,Jean,Winters,526-938-2752,Jean.Winters@example.com,San Diego,USA,1,1,0,Jean Winters
974,Jared,Hamilton,642-707-7765,Jared.Hamilton@example.com,New York,USA,1,0,0,Jared Hamilton
975,Zachary,Rubio,971-477-1542,Zachary.Rubio@example.com,Montreal,Canada,1,1,1,Zachary Rubio
976,Marnie,Mayo,725-331-2757,Marnie.Mayo@example.com,San Diego,USA,1,0,0,Marnie Mayo
978,Zain,Haney,206-514-3761,Zain.Haney@example.com,New York,USA,0,1,0,Zain Haney
979,Myrtle,Bradford,960-593-3677,Myrtle.Bradford@example.com,San Diego,USA,1,0,1,Myrtle Bradford
980,Kacie,Lester,673-651-6332,Kacie.Lester@example.com,Toronto,Canada,1,0,0,Kacie Lester
981,Gwen,Norris,699-606-9952,Gwen.Norris@example.com,San Diego,USA,1,0,1,Gwen Norris
982,Myles,Sharpe,420-682-4722,Myles.Sharpe@example.com,Toronto,Canada,0,0,1,Myles Sharpe
983,Nicola,Davenport,335-679-5225,Nicola.Davenport@example.com,Toronto,Canada,0,1,1,Nicola Davenport
984,Adrian,Joseph,808-456-6071,Adrian.Joseph@example.com,Chicago,USA,1,1,1,Adrian Joseph
985,Lloyd,Robbins,603-494-3648,Lloyd.Robbins@example.com,London,United Kingdom,0,1,1,Lloyd Robbins
986,Rosanna,Dyer,512-600-6692,Rosanna.Dyer@example.com,Los Angeles,USA,0,0,1,Rosanna Dyer
988,Cain,Robertson,375-525-5823,Cain.Robertson@example.com,New York,USA,0,1,1,Cain Robertson
989,Leyla,Finley,743-377-7767,Leyla.Finley@example.com,New York,USA,0,1,1,Leyla Finley
990,Juliette,Luna,782-806-6417,Juliette.Luna@example.com,New York,USA,0,0,1,Juliette Luna
991,Marion,Webster,169-218-9165,Marion.Webster@example.com,Toronto,Canada,0,1,1,Marion Webster
992,Sebastian,Pierce,947-717-1440,Sebastian.Pierce@example.com,Chicago,USA,1,1,1,Sebastian Pierce
993,Jayson,Sutton,289-775-9088,Jayson.Sutton@example.com,Montreal,Canada,0,1,1,Jayson Sutton
994,Inaaya,Bruce,780-773-8755,Inaaya.Bruce@example.com,London,United Kingdom,1,1,0,Inaaya Bruce
995,Raja,Reeves,990-569-7356,Raja.Reeves@example.com,Montreal,Canada,1,0,1,Raja Reeves
996,Maria,Stephens,798-578-4631,Maria.Stephens@example.com,Toronto,Canada,1,0,1,Maria Stephens
997,Sam,Arias,415-467-1137,Sam.Arias@example.com,Chicago,USA,0,0,1,Sam Arias
998,Fatimah,Johns,520-433-7411,Fatimah.Johns@example.com,London,United Kingdom,0,0,1,Fatimah Johns
999,Ada,Reid,958-944-9616,Ada.Reid@example.com,Chicago,USA,1,1,1,Ada Reid
1000,Simeon,Mccall,135-125-7738,Simeon.Mccall@example.com,San Francisco,USA,1,1,0,Simeon Mccall
5,Beatrix,Everett,194-640-2758,Beatrix.Everett@example.com,Paris,France,1,0,0,Beatrix Everett
24,Isabelle,Lopez,981-878-3234,Isabelle.Lopez@example.com,Paris,France,1,0,1,Isabelle Lopez
26,Julius,Garrett,866-664-7969,Julius.Garrett@example.com,Barcelona,Spain,1,1,1,Julius Garrett
29,Dafydd,Preston,368-987-3267,Dafydd.Preston@example.com,Barcelona,Spain,1,1,1,Dafydd Preston
33,Louise,Daniel,917-348-4728,Louise.Daniel@example.com,Barcelona,Spain,1,0,1,Louise Daniel
39,Keyaan,Holland,845-797-2979,Keyaan.Holland@example.com,Barcelona,Spain,1,0,1,Keyaan Holland
68,Saif,Green,978-659-7286,Saif.Green@example.com,Paris,France,0,0,1,Saif Green
73,Kara,Stewart,794-314-2500,Kara.Stewart@example.com,Paris,France,1,0,1,Kara Stewart
117,Priya,Moore,455-692-4736,Priya.Moore@example.com,Paris,France,0,1,0,Priya Moore
119,Arron,Peck,226-392-7970,Arron.Peck@example.com,Paris,France,1,0,1,Arron Peck
120,Justin,Rowland,665-725-2354,Justin.Rowland@example.com,Paris,France,1,0,1,Justin Rowland
125,Nora,Ball,921-528-9551,Nora.Ball@example.com,Barcelona,Spain,0,1,0,Nora Ball
142,Everly,Fuentes,398-369-8927,Everly.Fuentes@example.com,Barcelona,Spain,1,0,0,Everly Fuentes
173,Enya,Hernandez,406-397-1498,Enya.Hernandez@example.com,Barcelona,Spain,0,0,1,Enya Hernandez
218,Tony,Shepard,416-772-8288,Tony.Shepard@example.com,Barcelona,Spain,0,0,1,Tony Shepard
222,Sonia,Lowe,418-550-4001,Sonia.Lowe@example.com,Paris,France,1,0,0,Sonia Lowe
228,Ned,Rowland,400-103-9062,Ned.Rowland@example.com,Paris,France,0,0,1,Ned Rowland
261,Dulcie,Melendez,659-843-5422,Dulcie.Melendez@example.com,Barcelona,Spain,1,1,0,Dulcie Melendez
271,Princess,Schneider,683-604-6287,Princess.Schneider@example.com,Paris,France,1,1,0,Princess Schneider
281,Rosa,Stone,922-216-4141,Rosa.Stone@example.com,Paris,France,0,0,1,Rosa Stone
330,Abubakar,Shaffer,404-849-9394,Abubakar.Shaffer@example.com,Barcelona,Spain,1,0,0,Abubakar Shaffer
338,Patricia,John,338-345-6084,Patricia.John@example.com,Barcelona,Spain,0,1,0,Patricia John
344,Randy,Edwards,935-107-2953,Randy.Edwards@example.com,Barcelona,Spain,0,0,1,Randy Edwards
358,Sadie,Hammond,799-609-4421,Sadie.Hammond@example.com,Barcelona,Spain,1,0,1,Sadie Hammond
360,Judy,Clayton,757-533-4647,Judy.Clayton@example.com,Paris,France,1,0,1,Judy Clayton
379,Leanne,Cordova,514-225-7453,Leanne.Cordova@example.com,Paris,France,0,1,0,Leanne Cordova
393,Timothy,Jacobs,105-356-5519,Timothy.Jacobs@example.com,Barcelona,Spain,1,1,0,Timothy Jacobs
403,Tariq,Holman,734-647-8275,Tariq.Holman@example.com,Paris,France,0,1,1,Tariq Holman
412,Omar,Clements,998-234-1057,Omar.Clements@example.com,Barcelona,Spain,0,1,0,Omar Clements
427,Lola,Vaughan,722-400-6707,Lola.Vaughan@example.com,Paris,France,0,1,0,Lola Vaughan
448,Amna,Garner,157-518-8037,Amna.Garner@example.com,Paris,France,1,1,1,Amna Garner
450,Rio,Suarez,304-182-8487,Rio.Suarez@example.com,Paris,France,0,1,1,Rio Suarez
465,Karen,Robles,144-367-7871,Karen.Robles@example.com,Barcelona,Spain,0,1,0,Karen Robles
468,Cassie,Gaines,496-692-2413,Cassie.Gaines@example.com,Paris,France,0,1,1,Cassie Gaines
474,Willard,Gray,894-914-4304,Willard.Gray@example.com,Paris,France,1,1,1,Willard Gray
475,Sophie,Lindsey,392-864-7558,Sophie.Lindsey@example.com,Paris,France,0,1,0,Sophie Lindsey
477,Dillon,Cisneros,304-384-6230,Dillon.Cisneros@example.com,Paris,France,1,1,1,Dillon Cisneros
488,Jenson,Carlson,282-249-3068,Jenson.Carlson@example.com,Paris,France,1,1,1,Jenson Carlson
500,Alexandra,Young,425-414-7823,Alexandra.Young@example.com,Barcelona,Spain,1,1,0,Alexandra Young
552,Daniel,Reid,753-936-1634,Daniel.Reid@example.com,Paris,France,1,0,0,Daniel Reid
574,Kevin,Sherman,185-617-6120,Kevin.Sherman@example.com,Barcelona,Spain,0,0,1,Kevin Sherman
580,Aayan,Donovan,476-401-9860,Aayan.Donovan@example.com,Paris,France,1,1,0,Aayan Donovan
609,Taylor,Leon,857-418-9149,Taylor.Leon@example.com,Paris,France,1,0,0,Taylor Leon
614,Ibrahim,Robertson,603-299-3596,Ibrahim.Robertson@example.com,Barcelona,Spain,1,1,1,Ibrahim Robertson
628,Nancy,Stuart,301-686-1705,Nancy.Stuart@example.com,Paris,France,0,0,1,Nancy Stuart
649,Zaynah,Wong,597-835-8978,Zaynah.Wong@example.com,Paris,France,1,0,1,Zaynah Wong
650,Cormac,Greer,722-120-7628,Cormac.Greer@example.com,Paris,France,0,1,1,Cormac Greer
691,Brett,Landry,213-171-7560,Brett.Landry@example.com,Barcelona,Spain,0,0,1,Brett Landry
707,Muhammad,Henry,298-612-6847,Muhammad.Henry@example.com,Paris,France,1,1,1,Muhammad Henry
715,Oliver,Garner,937-976-2511,Oliver.Garner@example.com,Paris,France,0,1,1,Oliver Garner
736,Chantelle,Holt,256-585-1002,Chantelle.Holt@example.com,Paris,France,1,1,0,Chantelle Holt
741,Millicent,Solomon,597-434-8108,Millicent.Solomon@example.com,Paris,France,0,1,1,Millicent Solomon
759,Martina,Steele,349-841-5113,Martina.Steele@example.com,Paris,France,0,1,0,Martina Steele
785,Kara,Shelton,837-651-6819,Kara.Shelton@example.com,Paris,France,1,1,1,Kara Shelton
788,Ted,Eaton,534-915-3617,Ted.Eaton@example.com,Paris,France,0,1,0,Ted Eaton
798,Brenda,Deleon,997-981-2043,Brenda.Deleon@example.com,Paris,France,0,0,1,Brenda Deleon
816,Albie,Larson,252-910-3152,Albie.Larson@example.com,Barcelona,Spain,1,0,1,Albie Larson
843,Tiffany,Griffith,201-302-5165,Tiffany.Griffith@example.com,Paris,France,1,0,0,Tiffany Griffith
858,Simon,Santiago,471-290-4198,Simon.Santiago@example.com,Paris,France,1,1,0,Simon Santiago
869,Bibi,Weaver,956-787-2725,Bibi.Weaver@example.com,Paris,France,1,0,1,Bibi Weaver
872,Tomasz,Baker,778-642-7614,Tomasz.Baker@example.com,Barcelona,Spain,1,1,0,Tomasz Baker
898,Alana,Koch,576-828-7913,Alana.Koch@example.com,Barcelona,Spain,0,1,1,Alana Koch
904,Martin,Perry,586-420-6418,Martin.Perry@example.com,Paris,France,1,0,1,Martin Perry
906,Astrid,Miles,473-411-8478,Astrid.Miles@example.com,Paris,France,0,1,1,Astrid Miles
922,Luisa,Haley,916-879-3164,Luisa.Haley@example.com,Barcelona,Spain,0,1,1,Luisa Haley
962,Isobella,Gilbert,717-961-9368,Isobella.Gilbert@example.com,Barcelona,Spain,1,1,0,Isobella Gilbert
977,Anita,Skinner,885-134-1740,Anita.Skinner@example.com,Barcelona,Spain,1,0,1,Anita Skinner
987,Caitlyn,Lawson,470-723-2187,Caitlyn.Lawson@example.com,Paris,France,0,1,1,Caitlyn Lawson
